B,17-03-2020,17/03/2020,16,99,BB03,23770,C_000001,C_000001,0,,2,GAS 90,0.834,10.1610169492,11.99,8.47,1.53,10,,,,,,,GLL
B,19-03-2020,17/03/2020,16,99,BB03,23771,C_000001,C_000001,0,,2,GAS 90,1.668,10.1610169492,11.99,16.95,3.05,20,,,,,,,GLL
B,19-03-2020,17/03/2020,16,99,BB03,23772,C_000001,C_000001,0,,2,GAS 90,4.17,10.1610169492,11.99,42.37,7.63,50,,,,,,,GLL
B,19-03-2020,17/03/2020,16,99,BB03,23773,,,0,183272,5,DIESEL B5 S50,4.234,10.0084745763,11.81,42.37,7.63,50,,,,,,,GLL
B,19-03-2020,17/03/2020,9,99,BB03,23774,C_000001,C_000001,0,,2,GAS 90,0.5,10.1610169492,11.99,5.08,0.92,6,,,,,,,GLL
B,19-03-2020,17/03/2020,18,99,BB02,47691,C_000001,C_000001,0,,8,GLP,6.94,1.2203389831,1.44,8.47,1.53,10,,,,,,,LTR
N,19-03-2020,17/03/2020,18,99,BB02,47692,C_000001,C_000001,0,,1,GAS 84,0.431,9.8220338983,11.59,4.24,0.76,5,,,,,,,GLL
N,19-03-2020,17/03/2020,18,99,BB02,47693,C_000001,C_000001,0,,8,GLP,10.41,1.2203389831,1.44,12.71,2.29,15,,,,,,,LTR
N,19-03-2020,17/03/2020,18,99,BB02,47694,C_000001,C_000001,0,,8,GLP,6.94,1.2203389831,1.44,8.47,1.53,10,,,,,,,LTR
N,19-03-2020,17/03/2020,18,99,BB02,47695,C_000001,C_000001,0,,8,GLP,6.94,1.2203389831,1.44,8.47,1.53,10,,,,,,,LTR
N,19-03-2020,17/03/2020,18,99,BB02,47696,C_000001,C_000001,0,,8,GLP,2.77,1.2203389831,1.44,3.39,0.61,4,,,,,,,LTR
B,19-03-2020,17/03/2020,18,99,BB02,47697,,,0,183241,8,GLP,21.03,1.2203389831,1.44,25.68,4.62,30.3,,,,,,,LTR
B,19-03-2020,17/03/2020,18,99,BB02,47698,C_000001,C_000001,0,,8,GLP,6.94,1.2203389831,1.44,8.47,1.53,10,,,,,,,LTR
B,19-03-2020,17/03/2020,18,99,BB02,47699,C_000001,C_000001,0,,8,GLP,13.88,1.2203389831,1.44,16.95,3.05,20,,,,,,,LTR
B,19-03-2020,17/03/2020,18,99,BB02,47700,C_000001,C_000001,0,,8,GLP,6.94,1.2203389831,1.44,8.47,1.53,10,,,,,,,LTR
N,19-03-2020,17/03/2020,18,99,BB02,47701,C_000001,C_000001,0,,8,GLP,13.88,1.2203389831,1.44,16.95,3.05,20,,,,,,,LTR
N,19-03-2020,17/03/2020,18,99,BB02,47702,C_000001,C_000001,0,,8,GLP,6.94,1.2203389831,1.44,8.47,1.53,10,,,,,,,LTR
N,19-03-2020,17/03/2020,18,99,BB02,47703,C_000001,C_000001,0,,8,GLP,3.47,1.2203389831,1.44,4.24,0.76,5,,,,,,,LTR
N,19-03-2020,17/03/2020,18,99,BB02,47704,C_000001,C_000001,0,,8,GLP,3.47,1.2203389831,1.44,4.24,0.76,5,,,,,,,LTR
B,19-03-2020,17/03/2020,18,99,BB02,47705,C_000001,C_000001,0,,8,GLP,8.44,1.2203389831,1.44,10.34,1.86,12.2,,,,,,,LTR
N,19-03-2020,17/03/2020,18,99,BB02,47706,C_000001,C_000001,0,,4,GAS 98,1.343,12.6186440678,14.89,16.95,3.05,20,,,,,,,GLL
N,19-03-2020,17/03/2020,18,99,BB02,47707,C_000001,C_000001,0,,8,GLP,6.94,1.2203389831,1.44,8.47,1.53,10,,,,,,,LTR
N,19-03-2020,17/03/2020,18,99,BB02,47708,C_000001,C_000001,0,,8,GLP,13.88,1.2203389831,1.44,16.95,3.05,20,,,,,,,LTR
N,19-03-2020,17/03/2020,18,99,BB02,47709,C_000001,C_000001,0,,8,GLP,3.47,1.2203389831,1.44,4.24,0.76,5,,,,,,,LTR
N,19-03-2020,17/03/2020,18,99,BB02,47710,C_000001,C_000001,0,,8,GLP,28.95,1.2203389831,1.44,35.34,6.36,41.7,,,,,,,LTR
B,19-03-2020,17/03/2020,18,99,BB02,47711,C_000001,C_000001,0,,8,GLP,6.94,1.2203389831,1.44,8.47,1.53,10,,,,,,,LTR
N,19-03-2020,17/03/2020,18,99,BB02,47712,C_000001,C_000001,0,,8,GLP,6.94,1.2203389831,1.44,8.47,1.53,10,,,,,,,LTR
B,19-03-2020,17/03/2020,18,99,BB02,47713,C_000001,C_000001,0,,8,GLP,10.41,1.2203389831,1.44,12.71,2.29,15,,,,,,,LTR
N,19-03-2020,17/03/2020,18,99,BB02,47714,C_000001,C_000001,0,,8,GLP,2.83,1.2203389831,1.44,3.47,0.63,4.1,,,,,,,LTR
N,19-03-2020,17/03/2020,18,99,BB02,47715,C_000001,C_000001,0,,8,GLP,2.77,1.2203389831,1.44,3.39,0.61,4,,,,,,,LTR
N,19-03-2020,17/03/2020,18,99,BB02,47716,C_000001,C_000001,0,,8,GLP,6.94,1.2203389831,1.44,8.47,1.53,10,,,,,,,LTR
B,19-03-2020,17/03/2020,18,99,BB02,47717,C_000001,C_000001,0,,8,GLP,13.88,1.2203389831,1.44,16.95,3.05,20,,,,,,,LTR
N,19-03-2020,17/03/2020,18,99,BB02,47718,C_000001,C_000001,0,,8,GLP,11.8,1.2203389831,1.44,14.41,2.59,17,,,,,,,LTR
N,19-03-2020,17/03/2020,18,99,BB02,47719,C_000001,C_000001,0,,8,GLP,13.88,1.2203389831,1.44,16.95,3.05,20,,,,,,,LTR
N,19-03-2020,17/03/2020,18,99,BB02,47720,C_000001,C_000001,0,,8,GLP,6.94,1.2203389831,1.44,8.47,1.53,10,,,,,,,LTR
N,19-03-2020,17/03/2020,18,99,BB02,47721,C_000001,C_000001,0,,8,GLP,13.88,1.2203389831,1.44,16.95,3.05,20,,,,,,,LTR
B,19-03-2020,17/03/2020,9,99,BB02,47722,,,0,183288,1,GAS 84,0.066,9.8220338983,11.59,0.64,0.12,0.76,,,,,,,GLL
N,19-03-2020,17/03/2020,9,99,BB02,47723,C_000001,C_000001,0,,8,GLP,5.94,1.2203389831,1.44,7.29,1.31,8.6,,,,,,,LTR
N,19-03-2020,17/03/2020,9,99,BB02,47724,C_000001,C_000001,0,,8,GLP,23.03,1.2203389831,1.44,28.14,5.06,33.2,,,,,,,LTR
N,19-03-2020,17/03/2020,9,99,BB02,47725,C_000001,C_000001,0,,8,GLP,6.94,1.2203389831,1.44,8.47,1.53,10,,,,,,,LTR
N,19-03-2020,17/03/2020,9,99,BB02,47726,C_000001,C_000001,0,,8,GLP,22.85,1.2203389831,1.44,27.97,5.03,33,,,,,,,LTR
N,19-03-2020,17/03/2020,9,99,BB02,47727,C_000001,C_000001,0,,8,GLP,11.38,1.2203389831,1.44,13.9,2.5,16.4,,,,,,,LTR
N,19-03-2020,17/03/2020,9,99,BB02,47728,C_000001,C_000001,0,,8,GLP,6.94,1.2203389831,1.44,8.47,1.53,10,,,,,,,LTR
N,19-03-2020,17/03/2020,9,99,BB02,47729,C_000001,C_000001,0,,2,GAS 90,0.917,10.1610169492,11.99,9.32,1.68,11,,,,,,,GLL
N,19-03-2020,17/03/2020,9,99,BB02,47730,C_000001,C_000001,0,,1,GAS 84,0.259,9.8220338983,11.59,2.54,0.46,3,,,,,,,GLL
N,19-03-2020,17/03/2020,9,99,BB02,47731,C_000001,C_000001,0,,8,GLP,3.47,1.2203389831,1.44,4.24,0.76,5,,,,,,,LTR
N,19-03-2020,17/03/2020,9,99,BB02,47732,C_000001,C_000001,0,,8,GLP,3.71,1.2203389831,1.44,4.58,0.82,5.4,,,,,,,LTR
N,19-03-2020,17/03/2020,9,99,BB02,47733,C_000001,C_000001,0,,8,GLP,13.88,1.2203389831,1.44,16.95,3.05,20,,,,,,,LTR
N,19-03-2020,17/03/2020,9,99,BB02,47734,C_000001,C_000001,0,,8,GLP,11.65,1.2203389831,1.44,14.24,2.56,16.8,,,,,,,LTR
N,19-03-2020,17/03/2020,9,99,BB02,47735,C_000001,C_000001,0,,8,GLP,8.97,1.2203389831,1.44,11.02,1.98,13,,,,,,,LTR
B,19-03-2020,17/03/2020,9,99,BB02,47736,,,0,183336,8,GLP,13.88,1.2203389831,1.44,16.95,3.05,20,,,,,,,LTR
B,19-03-2020,17/03/2020,9,99,BB02,47737,C_000001,C_000001,0,,8,GLP,13.88,1.2203389831,1.44,16.95,3.05,20,,,,,,,LTR
N,19-03-2020,17/03/2020,9,99,BB02,47738,C_000001,C_000001,0,,8,GLP,6.94,1.2203389831,1.44,8.47,1.53,10,,,,,,,LTR
N,19-03-2020,17/03/2020,9,99,BB02,47739,C_000001,C_000001,0,,8,GLP,6.94,1.2203389831,1.44,8.47,1.53,10,,,,,,,LTR
N,19-03-2020,17/03/2020,9,99,BB02,47740,C_000001,C_000001,0,,8,GLP,6.94,1.2203389831,1.44,8.47,1.53,10,,,,,,,LTR
N,19-03-2020,17/03/2020,9,99,BB02,47741,C_000001,C_000001,0,,8,GLP,6.06,1.2203389831,1.44,7.46,1.34,8.8,,,,,,,LTR
N,19-03-2020,17/03/2020,9,99,BB02,47742,C_000001,C_000001,0,,8,GLP,6.94,1.2203389831,1.44,8.47,1.53,10,,,,,,,LTR
B,19-03-2020,17/03/2020,9,99,BB02,47743,C_000001,C_000001,0,,8,GLP,28.76,1.2203389831,1.44,35.17,6.33,41.5,,,,,,,LTR
N,19-03-2020,17/03/2020,5,99,BB02,47744,C_000001,C_000001,0,,8,GLP,31.94,1.2203389831,1.44,38.98,7.02,46,,,,,,,LTR
B,19-03-2020,17/03/2020,16,99,BB01,24762,C_000001,C_000001,0,,2,GAS 90,1.084,10.1610169492,11.99,11.02,1.98,13,,,,,,,GLL
B,19-03-2020,17/03/2020,16,99,BB01,24763,,,0,183225,2,GAS 90,0.834,10.1610169492,11.99,8.47,1.53,10,,,,,,,GLL
B,19-03-2020,17/03/2020,16,99,BB01,24764,C_000001,C_000001,0,,2,GAS 90,1.001,10.1610169492,11.99,10.17,1.83,12,,,,,,,GLL
B,19-03-2020,17/03/2020,16,99,BB01,24765,C_000001,C_000001,0,,2,GAS 90,2.502,10.1610169492,11.99,25.42,4.58,30,,,,,,,GLL
B,19-03-2020,17/03/2020,16,99,BB01,24766,,,0,183235,5,DIESEL B5 S50,8.467,10.0084745763,11.81,84.75,15.25,100,,,,,,,GLL
N,19-03-2020,17/03/2020,16,99,BB01,24767,C_000001,C_000001,0,,2,GAS 90,0.417,10.1610169492,11.99,4.24,0.76,5,,,,,,,GLL
N,19-03-2020,17/03/2020,16,99,BB01,24768,C_000001,C_000001,0,,2,GAS 90,1.668,10.1610169492,11.99,16.95,3.05,20,,,,,,,GLL
N,19-03-2020,17/03/2020,16,99,BB01,24769,C_000001,C_000001,0,,2,GAS 90,0.834,10.1610169492,11.99,8.47,1.53,10,,,,,,,GLL
N,19-03-2020,17/03/2020,16,99,BB01,24770,C_000001,C_000001,0,,2,GAS 90,0.834,10.1610169492,11.99,8.47,1.53,10,,,,,,,GLL
N,19-03-2020,17/03/2020,16,99,BB01,24771,C_000001,C_000001,0,,2,GAS 90,0.417,10.1610169492,11.99,4.24,0.76,5,,,,,,,GLL
N,19-03-2020,17/03/2020,16,99,BB01,24772,C_000001,C_000001,0,,2,GAS 90,1.668,10.1610169492,11.99,16.95,3.05,20,,,,,,,GLL
B,19-03-2020,17/03/2020,16,99,BB01,24773,C_000001,C_000001,0,,2,GAS 90,0.834,10.1610169492,11.99,8.47,1.53,10,,,,,,,GLL
N,19-03-2020,17/03/2020,16,99,BB01,24774,C_000001,C_000001,0,,2,GAS 90,0.01,10.1610169492,11.99,0.1,0.02,0.12,,,,,,,GLL
N,19-03-2020,17/03/2020,16,99,BB01,24775,C_000001,C_000001,0,,2,GAS 90,0.585,10.1610169492,11.99,5.94,1.07,7.01,,,,,,,GLL
B,19-03-2020,17/03/2020,16,99,BB01,24776,,,0,183267,2,GAS 90,1.266,10.1610169492,11.99,12.86,2.32,15.18,,,,,,,GLL
B,19-03-2020,17/03/2020,16,99,BB01,24777,C_000001,C_000001,0,,2,GAS 90,1.206,10.1610169492,11.99,12.25,2.21,14.46,,,,,,,GLL
B,19-03-2020,17/03/2020,16,99,BB01,24778,,,0,183271,5,DIESEL B5 S50,16.936,10.0084745763,11.81,169.5,30.51,200.01,,,,,,,GLL
B,19-03-2020,17/03/2020,16,99,BB01,24779,C_000001,C_000001,0,,3,GAS 95,0.705,12.0254237288,14.19,8.47,1.53,10,,,,,,,GLL
N,19-03-2020,17/03/2020,16,99,BB01,24780,C_000001,C_000001,0,,2,GAS 90,0.834,10.1610169492,11.99,8.47,1.53,10,,,,,,,GLL
N,19-03-2020,17/03/2020,16,99,BB01,24781,C_000001,C_000001,0,,2,GAS 90,0.417,10.1610169492,11.99,4.24,0.76,5,,,,,,,GLL
N,19-03-2020,17/03/2020,16,99,BB01,24782,C_000001,C_000001,0,,3,GAS 95,3.524,12.0254237288,14.19,42.37,7.63,50,,,,,,,GLL
N,19-03-2020,17/03/2020,9,99,BB01,24783,C_000001,C_000001,0,,2,GAS 90,0.751,10.1610169492,11.99,7.63,1.37,9,,,,,,,GLL
N,19-03-2020,17/03/2020,9,99,BB01,24784,C_000001,C_000001,0,,3,GAS 95,2.114,12.0254237288,14.19,25.42,4.58,30,,,,,,,GLL
N,19-03-2020,17/03/2020,9,99,BB01,24785,C_000001,C_000001,0,,5,DIESEL B5 S50,12.701,10.0084745763,11.81,127.12,22.88,150,,,,,,,GLL
N,19-03-2020,17/03/2020,9,99,BB01,24786,C_000001,C_000001,0,,2,GAS 90,0.417,10.1610169492,11.99,4.24,0.76,5,,,,,,,GLL
N,19-03-2020,17/03/2020,9,99,BB01,24787,C_000001,C_000001,0,,5,DIESEL B5 S50,0.847,10.0084745763,11.81,8.47,1.53,10,,,,,,,GLL
N,19-03-2020,17/03/2020,9,99,BB01,24788,C_000001,C_000001,0,,2,GAS 90,1,10.1610169492,11.99,10.16,1.83,11.99,,,,,,,GLL
N,19-03-2020,17/03/2020,9,99,BB01,24789,C_000001,C_000001,0,,2,GAS 90,0.417,10.1610169492,11.99,4.24,0.76,5,,,,,,,GLL
N,19-03-2020,17/03/2020,9,99,BB01,24790,C_000001,C_000001,0,,3,GAS 95,1.409,12.0254237288,14.19,16.95,3.05,20,,,,,,,GLL
N,19-03-2020,17/03/2020,9,99,BB01,24791,C_000001,C_000001,0,,2,GAS 90,4.17,10.1610169492,11.99,42.37,7.63,50,,,,,,,GLL
N,19-03-2020,17/03/2020,9,99,BB01,24792,C_000001,C_000001,0,,5,DIESEL B5 S50,8.467,10.0084745763,11.81,84.75,15.25,100,,,,,,,GLL
N,19-03-2020,17/03/2020,9,99,BB01,24793,C_000001,C_000001,0,,2,GAS 90,1.251,10.1610169492,11.99,12.71,2.29,15,,,,,,,GLL
N,19-03-2020,17/03/2020,9,99,BB01,24794,C_000001,C_000001,0,,2,GAS 90,1.668,10.1610169492,11.99,16.95,3.05,20,,,,,,,GLL
N,19-03-2020,17/03/2020,9,99,BB01,24795,C_000001,C_000001,0,,2,GAS 90,1.251,10.1610169492,11.99,12.71,2.29,15,,,,,,,GLL
B,19-03-2020,17/03/2020,6,99,BB01,24796,,,0,183342,2,GAS 90,2.502,10.1610169492,11.99,25.42,4.58,30,,,,,,,GLL
B,19-03-2020,18/03/2020,18,99,BB03,23775,,,0,183375,5,DIESEL B5 S50,2.54,10.0084745763,11.81,25.42,4.58,30,,,,,,,GLL
B,19-03-2020,18/03/2020,18,99,BB03,23776,,,0,183380,2,GAS 90,1.668,10.1610169492,11.99,16.95,3.05,20,,,,,,,GLL
B,19-03-2020,18/03/2020,18,99,BB03,23777,,,0,183382,5,DIESEL B5 S50,1.693,10.0084745763,11.81,16.95,3.05,20,,,,,,,GLL
B,19-03-2020,18/03/2020,18,99,BB03,23778,,,0,183383,5,DIESEL B5 S50,13.836,10.0084745763,11.81,138.47,24.93,163.4,,,,,,,GLL
B,19-03-2020,18/03/2020,18,99,BB03,23779,,,0,183390,5,DIESEL B5 S50,8.467,10.0084745763,11.81,84.75,15.25,100,,,,,,,GLL
B,19-03-2020,18/03/2020,9,99,BB03,23780,,,0,183407,2,GAS 90,0.834,10.1610169492,11.99,8.47,1.53,10,,,,,,,GLL
B,19-03-2020,18/03/2020,5,99,BB03,23781,C_000001,C_000001,0,,2,GAS 90,1.251,10.1610169492,11.99,12.71,2.29,15,,,,,,,GLL
B,19-03-2020,18/03/2020,18,99,BB02,47745,C_000001,C_000001,0,,8,GLP,4.16,1.2203389831,1.44,5.08,0.92,6,,,,,,,LTR
B,19-03-2020,18/03/2020,18,99,BB02,47746,C_000001,C_000001,0,,8,GLP,6.94,1.2203389831,1.44,8.47,1.53,10,,,,,,,LTR
B,19-03-2020,18/03/2020,18,99,BB02,47747,C_000001,C_000001,0,,8,GLP,3.47,1.2203389831,1.44,4.24,0.76,5,,,,,,,LTR
N,19-03-2020,18/03/2020,18,99,BB02,47748,C_000001,C_000001,0,,2,GAS 90,0.5,10.1610169492,11.99,5.08,0.92,6,,,,,,,GLL
N,19-03-2020,18/03/2020,18,99,BB02,47749,C_000001,C_000001,0,,8,GLP,6.94,1.2203389831,1.44,8.47,1.53,10,,,,,,,LTR
B,19-03-2020,18/03/2020,18,99,BB02,47750,C_000001,C_000001,0,,8,GLP,11.78,1.2203389831,1.44,14.41,2.59,17,,,,,,,LTR
B,19-03-2020,18/03/2020,18,99,BB02,47751,C_000001,C_000001,0,,8,GLP,6.94,1.2203389831,1.44,8.47,1.53,10,,,,,,,LTR
N,19-03-2020,18/03/2020,18,99,BB02,47752,C_000001,C_000001,0,,8,GLP,6.94,1.2203389831,1.44,8.47,1.53,10,,,,,,,LTR
B,19-03-2020,18/03/2020,18,99,BB02,47753,C_000001,C_000001,0,,8,GLP,20.79,1.2203389831,1.44,25.42,4.58,30,,,,,,,LTR
N,19-03-2020,18/03/2020,18,99,BB02,47754,C_000001,C_000001,0,,8,GLP,6.94,1.2203389831,1.44,8.47,1.53,10,,,,,,,LTR
N,19-03-2020,18/03/2020,18,99,BB02,47755,C_000001,C_000001,0,,8,GLP,6.94,1.2203389831,1.44,8.47,1.53,10,,,,,,,LTR
B,19-03-2020,18/03/2020,18,99,BB02,47756,,,0,183371,5,DIESEL B5 S50,8.467,10.0084745763,11.81,84.75,15.25,100,,,,,,,GLL
B,19-03-2020,18/03/2020,18,99,BB02,47757,C_000001,C_000001,0,,8,GLP,13.88,1.2203389831,1.44,16.95,3.05,20,,,,,,,LTR
N,19-03-2020,18/03/2020,18,99,BB02,47758,C_000001,C_000001,0,,1,GAS 84,0.431,9.8220338983,11.59,4.24,0.76,5,,,,,,,GLL
B,19-03-2020,18/03/2020,18,99,BB02,47759,C_000001,C_000001,0,,8,GLP,17.68,1.2203389831,1.44,21.61,3.89,25.5,,,,,,,LTR
N,19-03-2020,18/03/2020,18,99,BB02,47760,C_000001,C_000001,0,,8,GLP,3.47,1.2203389831,1.44,4.24,0.76,5,,,,,,,LTR
B,19-03-2020,18/03/2020,18,99,BB02,47761,,,0,183389,8,GLP,13.55,1.2203389831,1.44,16.61,2.99,19.6,,,,,,,LTR
N,19-03-2020,18/03/2020,9,99,BB02,47762,C_000001,C_000001,0,,1,GAS 84,0.431,9.8220338983,11.59,4.24,0.76,5,,,,,,,GLL
N,19-03-2020,18/03/2020,9,99,BB02,47763,C_000001,C_000001,0,,8,GLP,6.94,1.2203389831,1.44,8.47,1.53,10,,,,,,,LTR
N,19-03-2020,18/03/2020,9,99,BB02,47764,C_000001,C_000001,0,,8,GLP,6.94,1.2203389831,1.44,8.47,1.53,10,,,,,,,LTR
N,19-03-2020,18/03/2020,9,99,BB02,47765,C_000001,C_000001,0,,8,GLP,13.88,1.2203389831,1.44,16.95,3.05,20,,,,,,,LTR
N,19-03-2020,18/03/2020,9,99,BB02,47766,C_000001,C_000001,0,,8,GLP,3.47,1.2203389831,1.44,4.24,0.76,5,,,,,,,LTR
N,19-03-2020,18/03/2020,9,99,BB02,47767,C_000001,C_000001,0,,8,GLP,10.64,1.2203389831,1.44,13.05,2.35,15.4,,,,,,,LTR
N,19-03-2020,18/03/2020,9,99,BB02,47768,C_000001,C_000001,0,,8,GLP,3.47,1.2203389831,1.44,4.24,0.76,5,,,,,,,LTR
N,19-03-2020,18/03/2020,9,99,BB02,47769,C_000001,C_000001,0,,8,GLP,4.71,1.2203389831,1.44,5.76,1.04,6.8,,,,,,,LTR
N,19-03-2020,18/03/2020,9,99,BB02,47770,C_000001,C_000001,0,,8,GLP,13.88,1.2203389831,1.44,16.95,3.05,20,,,,,,,LTR
N,19-03-2020,18/03/2020,9,99,BB02,47771,C_000001,C_000001,0,,8,GLP,6.94,1.2203389831,1.44,8.47,1.53,10,,,,,,,LTR
B,19-03-2020,18/03/2020,9,99,BB02,47772,,,0,183423,8,GLP,13.88,1.2203389831,1.44,16.95,3.05,20,,,,,,,LTR
B,19-03-2020,18/03/2020,9,99,BB02,47773,C_000001,C_000001,0,,8,GLP,23.28,1.2203389831,1.44,28.47,5.13,33.6,,,,,,,LTR
N,19-03-2020,18/03/2020,9,99,BB02,47774,C_000001,C_000001,0,,1,GAS 84,0.609,9.7372881356,11.49,5.93,1.07,7,,,,,,,GLL
N,19-03-2020,18/03/2020,9,99,BB02,47775,C_000001,C_000001,0,,1,GAS 84,0.87,9.7372881356,11.49,8.47,1.53,10,,,,,,,GLL
N,19-03-2020,18/03/2020,9,99,BB02,47776,C_000001,C_000001,0,,8,GLP,6.94,1.2203389831,1.44,8.47,1.53,10,,,,,,,LTR
N,19-03-2020,18/03/2020,9,99,BB02,47777,C_000001,C_000001,0,,8,GLP,10.41,1.2203389831,1.44,12.71,2.29,15,,,,,,,LTR
N,19-03-2020,18/03/2020,9,99,BB02,47778,C_000001,C_000001,0,,8,GLP,13.88,1.2203389831,1.44,16.95,3.05,20,,,,,,,LTR
N,19-03-2020,18/03/2020,9,99,BB02,47779,C_000001,C_000001,0,,8,GLP,6.94,1.2203389831,1.44,8.47,1.53,10,,,,,,,LTR
B,19-03-2020,18/03/2020,9,99,BB02,47780,C_000001,C_000001,0,,8,GLP,6.94,1.2203389831,1.44,8.47,1.53,10,,,,,,,LTR
N,19-03-2020,18/03/2020,9,99,BB02,47781,C_000001,C_000001,0,,8,GLP,6.94,1.2203389831,1.44,8.47,1.53,10,,,,,,,LTR
N,19-03-2020,18/03/2020,9,99,BB02,47782,C_000001,C_000001,0,,8,GLP,34.72,1.2203389831,1.44,42.37,7.63,50,,,,,,,LTR
N,19-03-2020,18/03/2020,9,99,BB02,47783,C_000001,C_000001,0,,8,GLP,13.88,1.2203389831,1.44,16.95,3.05,20,,,,,,,LTR
N,19-03-2020,18/03/2020,17,99,BB02,47784,C_000001,C_000001,0,,2,GAS 90,1.302,10.1610169492,11.99,13.23,2.38,15.61,,,,,,,GLL
N,19-03-2020,18/03/2020,17,99,BB02,47785,C_000001,C_000001,0,,8,GLP,6.94,1.2203389831,1.44,8.47,1.53,10,,,,,,,LTR
N,19-03-2020,18/03/2020,17,99,BB02,47786,C_000001,C_000001,0,,8,GLP,6.94,1.2203389831,1.44,8.47,1.53,10,,,,,,,LTR
N,19-03-2020,18/03/2020,17,99,BB02,47787,C_000001,C_000001,0,,8,GLP,9.47,1.2203389831,1.44,11.61,2.09,13.7,,,,,,,LTR
N,19-03-2020,18/03/2020,17,99,BB02,47788,C_000001,C_000001,0,,8,GLP,3.47,1.2203389831,1.44,4.24,0.76,5,,,,,,,LTR
N,19-03-2020,18/03/2020,17,99,BB02,47789,C_000001,C_000001,0,,8,GLP,6.94,1.2203389831,1.44,8.47,1.53,10,,,,,,,LTR
N,19-03-2020,18/03/2020,18,99,BB01,24797,C_000001,C_000001,0,,5,DIESEL B5 S50,0.847,10.0084745763,11.81,8.47,1.53,10,,,,,,,GLL
N,19-03-2020,18/03/2020,18,99,BB01,24798,C_000001,C_000001,0,,2,GAS 90,1.668,10.1610169492,11.99,16.95,3.05,20,,,,,,,GLL
N,19-03-2020,18/03/2020,18,99,BB01,24799,C_000001,C_000001,0,,5,DIESEL B5 S50,3.81,10.0084745763,11.81,38.14,6.86,45,,,,,,,GLL
N,19-03-2020,18/03/2020,18,99,BB01,24800,C_000001,C_000001,0,,5,DIESEL B5 S50,4.234,10.0084745763,11.81,42.37,7.63,50,,,,,,,GLL
N,19-03-2020,18/03/2020,18,99,BB01,24801,C_000001,C_000001,0,,2,GAS 90,1.668,10.1610169492,11.99,16.95,3.05,20,,,,,,,GLL
B,19-03-2020,18/03/2020,18,99,BB01,24802,,,0,183374,5,DIESEL B5 S50,0.03,10.0084745763,11.81,0.3,0.05,0.35,,,,,,,GLL
N,19-03-2020,18/03/2020,18,99,BB01,24803,C_000001,C_000001,0,,2,GAS 90,0.417,10.1610169492,11.99,4.24,0.76,5,,,,,,,GLL
B,19-03-2020,18/03/2020,18,99,BB01,24804,,,0,183376,5,DIESEL B5 S50,6.679,10.0084745763,11.81,66.85,12.03,78.88,,,,,,,GLL
N,19-03-2020,18/03/2020,18,99,BB01,24805,C_000001,C_000001,0,,2,GAS 90,0.25,10.1610169492,11.99,2.54,0.46,3,,,,,,,GLL
B,19-03-2020,18/03/2020,18,99,BB01,24806,C_000001,C_000001,0,,2,GAS 90,0.417,10.1610169492,11.99,4.24,0.76,5,,,,,,,GLL
N,19-03-2020,18/03/2020,18,99,BB01,24807,C_000001,C_000001,0,,2,GAS 90,1.668,10.1610169492,11.99,16.95,3.05,20,,,,,,,GLL
B,19-03-2020,18/03/2020,18,99,BB01,24808,,,0,183384,3,GAS 95,1,12.0254237288,14.19,12.03,2.16,14.19,,,,,,,GLL
N,19-03-2020,18/03/2020,18,99,BB01,24809,C_000001,C_000001,0,,3,GAS 95,1,12.0254237288,14.19,12.03,2.16,14.19,,,,,,,GLL
B,19-03-2020,18/03/2020,18,99,BB01,24810,,,0,183386,2,GAS 90,14,10.1610169492,11.99,142.25,25.61,167.86,,,,,,,GLL
B,19-03-2020,18/03/2020,18,99,BB01,24811,C_000001,C_000001,0,,2,GAS 90,0.628,10.1610169492,11.99,6.38,1.15,7.53,,,,,,,GLL
N,19-03-2020,18/03/2020,9,99,BB01,24812,C_000001,C_000001,0,,2,GAS 90,0.667,10.1610169492,11.99,6.78,1.22,8,,,,,,,GLL
N,19-03-2020,18/03/2020,9,99,BB01,24813,C_000001,C_000001,0,,2,GAS 90,0.25,10.1610169492,11.99,2.54,0.46,3,,,,,,,GLL
N,19-03-2020,18/03/2020,9,99,BB01,24814,C_000001,C_000001,0,,5,DIESEL B5 S50,0.677,10.0084745763,11.81,6.78,1.22,8,,,,,,,GLL
N,19-03-2020,18/03/2020,9,99,BB01,24815,C_000001,C_000001,0,,2,GAS 90,0.417,10.1610169492,11.99,4.24,0.76,5,,,,,,,GLL
N,19-03-2020,18/03/2020,9,99,BB01,24816,C_000001,C_000001,0,,2,GAS 90,0.834,10.1610169492,11.99,8.47,1.53,10,,,,,,,GLL
N,19-03-2020,18/03/2020,9,99,BB01,24817,C_000001,C_000001,0,,3,GAS 95,5.991,12.0254237288,14.19,72.04,12.97,85.01,,,,,,,GLL
N,19-03-2020,18/03/2020,9,99,BB01,24818,C_000001,C_000001,0,,5,DIESEL B5 S50,1.693,10.0084745763,11.81,16.95,3.05,20,,,,,,,GLL
N,19-03-2020,18/03/2020,9,99,BB01,24819,C_000001,C_000001,0,,2,GAS 90,0.834,10.1610169492,11.99,8.47,1.53,10,,,,,,,GLL
N,19-03-2020,18/03/2020,9,99,BB01,24820,C_000001,C_000001,0,,2,GAS 90,3.586,10.1610169492,11.99,36.44,6.56,43,,,,,,,GLL
N,19-03-2020,18/03/2020,9,99,BB01,24821,C_000001,C_000001,0,,5,DIESEL B5 S50,2.706,10.0084745763,11.81,27.08,4.88,31.96,,,,,,,GLL
N,19-03-2020,18/03/2020,9,99,BB01,24822,C_000001,C_000001,0,,2,GAS 90,0.25,10.1610169492,11.99,2.54,0.46,3,,,,,,,GLL
B,19-03-2020,18/03/2020,9,99,BB01,24823,,,0,183425,3,GAS 95,3.574,11.8559322034,13.99,42.37,7.63,50,,,,,,,GLL
N,19-03-2020,18/03/2020,9,99,BB01,24824,C_000001,C_000001,0,,3,GAS 95,5.004,11.8559322034,13.99,59.32,10.68,70,,,,,,,GLL
N,19-03-2020,18/03/2020,9,99,BB01,24825,C_000001,C_000001,0,,2,GAS 90,0.834,10.1610169492,11.99,8.47,1.53,10,,,,,,,GLL
N,19-03-2020,18/03/2020,9,99,BB01,24826,C_000001,C_000001,0,,2,GAS 90,1.668,10.1610169492,11.99,16.95,3.05,20,,,,,,,GLL
N,19-03-2020,18/03/2020,9,99,BB01,24827,C_000001,C_000001,0,,3,GAS 95,0.715,11.8559322034,13.99,8.47,1.53,10,,,,,,,GLL
N,19-03-2020,18/03/2020,9,99,BB01,24828,C_000001,C_000001,0,,2,GAS 90,0.417,10.1610169492,11.99,4.24,0.76,5,,,,,,,GLL
B,19-03-2020,18/03/2020,9,99,BB01,24829,,,0,183441,3,GAS 95,2.144,11.8559322034,13.99,25.42,4.58,30,,,,,,,GLL
B,19-03-2020,18/03/2020,9,99,BB01,24830,C_000001,C_000001,0,,2,GAS 90,0.834,10.1610169492,11.99,8.47,1.53,10,,,,,,,GLL
N,19-03-2020,18/03/2020,5,99,BB01,24831,C_000001,C_000001,0,,2,GAS 90,0.834,10.1610169492,11.99,8.47,1.53,10,,,,,,,GLL
N,19-03-2020,18/03/2020,5,99,BB01,24832,C_000001,C_000001,0,,2,GAS 90,0.834,10.1610169492,11.99,8.47,1.53,10,,,,,,,GLL
N,19-03-2020,18/03/2020,5,99,BB01,24833,C_000001,C_000001,0,,2,GAS 90,0.834,10.1610169492,11.99,8.47,1.53,10,,,,,,,GLL
B,19-03-2020,19/03/2020,18,99,BB03,23782,,,0,183472,5,DIESEL B5 S50,2.117,10.0084745763,11.81,21.19,3.81,25,,,,,,,GLL
B,19-03-2020,19/03/2020,18,99,BB03,23783,,,0,183477,5,DIESEL B5 S50,10.161,10.0084745763,11.81,101.69,18.31,120,,,,,,,GLL
B,19-03-2020,19/03/2020,18,99,BB03,23784,,,0,183504,3,GAS 95,2.144,11.8559322034,13.99,25.42,4.58,30,,,,,,,GLL
B,19-03-2020,19/03/2020,6,99,BB03,23785,,,0,183511,5,DIESEL B5 S50,6.774,10.0084745763,11.81,67.8,12.2,80,,,,,,,GLL
B,19-03-2020,19/03/2020,6,99,BB03,23786,C_000001,C_000001,0,,2,GAS 90,0.417,10.1610169492,11.99,4.24,0.76,5,,,,,,,GLL
N,19-03-2020,19/03/2020,18,99,BB02,47790,C_000001,C_000001,0,,8,GLP,6.94,1.2203389831,1.44,8.47,1.53,10,,,,,,,LTR
B,19-03-2020,19/03/2020,18,99,BB02,47791,,,0,183476,8,GLP,22.52,1.2203389831,1.44,27.54,4.96,32.5,,,,,,,LTR
N,19-03-2020,19/03/2020,18,99,BB02,47792,C_000001,C_000001,0,,8,GLP,6.94,1.2203389831,1.44,8.47,1.53,10,,,,,,,LTR
N,19-03-2020,19/03/2020,18,99,BB02,47793,C_000001,C_000001,0,,8,GLP,4.12,1.2203389831,1.44,5.08,0.92,6,,,,,,,LTR
B,19-03-2020,19/03/2020,18,99,BB02,47794,C_000001,C_000001,0,,8,GLP,13.88,1.2203389831,1.44,16.95,3.05,20,,,,,,,LTR
B,19-03-2020,19/03/2020,18,99,BB02,47795,C_000001,C_000001,0,,8,GLP,6.94,1.2203389831,1.44,8.47,1.53,10,,,,,,,LTR
B,19-03-2020,19/03/2020,18,99,BB02,47796,,,0,183491,8,GLP,13.88,1.2203389831,1.44,16.95,3.05,20,,,,,,,LTR
B,19-03-2020,19/03/2020,18,99,BB02,47797,C_000001,C_000001,0,,8,GLP,11.99,1.2203389831,1.44,14.66,2.64,17.3,,,,,,,LTR
B,19-03-2020,19/03/2020,18,99,BB02,47798,C_000001,C_000001,0,,8,GLP,13.88,1.2203389831,1.44,16.95,3.05,20,,,,,,,LTR
N,19-03-2020,19/03/2020,18,99,BB02,47799,C_000001,C_000001,0,,8,GLP,3.47,1.2203389831,1.44,4.24,0.76,5,,,,,,,LTR
N,19-03-2020,19/03/2020,18,99,BB02,47800,C_000001,C_000001,0,,8,GLP,13.88,1.2203389831,1.44,16.95,3.05,20,,,,,,,LTR
N,19-03-2020,19/03/2020,18,99,BB02,47801,C_000001,C_000001,0,,8,GLP,13.88,1.2203389831,1.44,16.95,3.05,20,,,,,,,LTR
N,19-03-2020,19/03/2020,18,99,BB02,47802,C_000001,C_000001,0,,8,GLP,14.63,1.2203389831,1.44,17.88,3.22,21.1,,,,,,,LTR
N,19-03-2020,19/03/2020,18,99,BB02,47803,C_000001,C_000001,0,,8,GLP,6.94,1.2203389831,1.44,8.47,1.53,10,,,,,,,LTR
B,19-03-2020,19/03/2020,18,99,BB02,47804,,,0,183502,8,GLP,29.52,1.2203389831,1.44,36.1,6.5,42.6,,,,,,,LTR
B,19-03-2020,19/03/2020,18,99,BB02,47805,C_000001,C_000001,0,,8,GLP,6.25,1.2203389831,1.44,7.63,1.37,9,,,,,,,LTR
N,19-03-2020,19/03/2020,18,99,BB02,47806,C_000001,C_000001,0,,8,GLP,18.19,1.2203389831,1.44,22.2,4,26.2,,,,,,,LTR
B,19-03-2020,19/03/2020,18,99,BB02,47807,,,0,183505,8,GLP,4.86,1.2203389831,1.44,5.93,1.07,7,,,,,,,LTR
N,19-03-2020,19/03/2020,6,99,BB02,47808,C_000001,C_000001,0,,2,GAS 90,0.834,10.1610169492,11.99,8.47,1.53,10,,,,,,,GLL
N,19-03-2020,19/03/2020,6,99,BB02,47809,C_000001,C_000001,0,,2,GAS 90,0.417,10.1610169492,11.99,4.24,0.76,5,,,,,,,GLL
N,19-03-2020,19/03/2020,6,99,BB02,47810,C_000001,C_000001,0,,2,GAS 90,1.668,10.1610169492,11.99,16.95,3.05,20,,,,,,,GLL
N,19-03-2020,19/03/2020,6,99,BB02,47811,C_000001,C_000001,0,,2,GAS 90,0.25,10.1610169492,11.99,2.54,0.46,3,,,,,,,GLL
N,19-03-2020,19/03/2020,6,99,BB02,47812,C_000001,C_000001,0,,2,GAS 90,1.001,10.1610169492,11.99,10.17,1.83,12,,,,,,,GLL
N,19-03-2020,19/03/2020,6,99,BB02,47813,C_000001,C_000001,0,,2,GAS 90,0.417,10.1610169492,11.99,4.24,0.76,5,,,,,,,GLL
N,19-03-2020,19/03/2020,6,99,BB02,47814,C_000001,C_000001,0,,2,GAS 90,0.834,10.1610169492,11.99,8.47,1.53,10,,,,,,,GLL
N,19-03-2020,19/03/2020,6,99,BB02,47815,C_000001,C_000001,0,,2,GAS 90,0.834,10.1610169492,11.99,8.47,1.53,10,,,,,,,GLL
N,19-03-2020,19/03/2020,6,99,BB02,47816,C_000001,C_000001,0,,2,GAS 90,2.502,10.1610169492,11.99,25.42,4.58,30,,,,,,,GLL
N,19-03-2020,19/03/2020,6,99,BB02,47817,C_000001,C_000001,0,,1,GAS 84,0.609,9.7372881356,11.49,5.93,1.07,7,,,,,,,GLL
N,19-03-2020,19/03/2020,6,99,BB02,47818,C_000001,C_000001,0,,2,GAS 90,0.417,10.1610169492,11.99,4.24,0.76,5,,,,,,,GLL
N,19-03-2020,19/03/2020,6,99,BB02,47819,C_000001,C_000001,0,,1,GAS 84,0.435,9.7372881356,11.49,4.24,0.76,5,,,,,,,GLL
N,19-03-2020,19/03/2020,6,99,BB02,47820,C_000001,C_000001,0,,2,GAS 90,0.417,10.1610169492,11.99,4.24,0.76,5,,,,,,,GLL
N,19-03-2020,19/03/2020,6,99,BB02,47821,C_000001,C_000001,0,,8,GLP,3.47,1.2203389831,1.44,4.24,0.76,5,,,,,,,LTR
B,19-03-2020,19/03/2020,6,99,BB02,47822,C_000001,C_000001,0,,8,GLP,6.94,1.2203389831,1.44,8.47,1.53,10,,,,,,,LTR
N,19-03-2020,19/03/2020,6,99,BB02,47823,C_000001,C_000001,0,,2,GAS 90,0.667,10.1610169492,11.99,6.78,1.22,8,,,,,,,GLL
N,19-03-2020,19/03/2020,6,99,BB02,47824,C_000001,C_000001,0,,1,GAS 84,0.609,9.7372881356,11.49,5.93,1.07,7,,,,,,,GLL
N,19-03-2020,19/03/2020,6,99,BB02,47825,C_000001,C_000001,0,,2,GAS 90,0.417,10.1610169492,11.99,4.24,0.76,5,,,,,,,GLL
N,19-03-2020,19/03/2020,6,99,BB02,47826,C_000001,C_000001,0,,2,GAS 90,0.417,10.1610169492,11.99,4.24,0.76,5,,,,,,,GLL
N,19-03-2020,19/03/2020,6,99,BB02,47827,C_000001,C_000001,0,,2,GAS 90,0.417,10.1610169492,11.99,4.24,0.76,5,,,,,,,GLL
N,19-03-2020,19/03/2020,6,99,BB02,47828,C_000001,C_000001,0,,4,GAS 98,1.243,12.2796610169,14.49,15.26,2.75,18.01,,,,,,,GLL
N,19-03-2020,19/03/2020,6,99,BB02,47829,C_000001,C_000001,0,,8,GLP,13.5,1.2203389831,1.44,16.53,2.97,19.5,,,,,,,LTR
N,19-03-2020,19/03/2020,6,99,BB02,47830,C_000001,C_000001,0,,8,GLP,6.94,1.2203389831,1.44,8.47,1.53,10,,,,,,,LTR
N,19-03-2020,19/03/2020,6,99,BB02,47831,C_000001,C_000001,0,,8,GLP,35.02,1.2203389831,1.44,42.8,7.7,50.5,,,,,,,LTR
N,19-03-2020,19/03/2020,6,99,BB02,47832,C_000001,C_000001,0,,8,GLP,14.85,1.2203389831,1.44,18.14,3.26,21.4,,,,,,,LTR
N,19-03-2020,19/03/2020,5,99,BB02,47833,C_000001,C_000001,0,,2,GAS 90,0.919,10.1610169492,11.99,9.34,1.68,11.02,,,,,,,GLL
N,19-03-2020,19/03/2020,5,99,BB02,47834,C_000001,C_000001,0,,8,GLP,6.94,1.2203389831,1.44,8.47,1.53,10,,,,,,,LTR
N,19-03-2020,19/03/2020,5,99,BB02,47835,C_000001,C_000001,0,,8,GLP,6.94,1.2203389831,1.44,8.47,1.53,10,,,,,,,LTR
N,19-03-2020,19/03/2020,18,99,BB01,24834,C_000001,C_000001,0,,2,GAS 90,3.171,10.1610169492,11.99,32.22,5.8,38.02,,,,,,,GLL
B,19-03-2020,19/03/2020,18,99,BB01,24835,C_000001,C_000001,0,,2,GAS 90,0.417,10.1610169492,11.99,4.24,0.76,5,,,,,,,GLL
N,19-03-2020,19/03/2020,18,99,BB01,24836,C_000001,C_000001,0,,2,GAS 90,0.834,10.1610169492,11.99,8.47,1.53,10,,,,,,,GLL
N,19-03-2020,19/03/2020,18,99,BB01,24837,C_000001,C_000001,0,,2,GAS 90,0.417,10.1610169492,11.99,4.24,0.76,5,,,,,,,GLL
B,19-03-2020,19/03/2020,18,99,BB01,24838,,,0,183468,4,GAS 98,3.451,12.2796610169,14.49,42.37,7.63,50,,,,,,,GLL
B,19-03-2020,19/03/2020,18,99,BB01,24839,,,0,183469,5,DIESEL B5 S50,5.08,10.0084745763,11.81,50.85,9.15,60,,,,,,,GLL
N,19-03-2020,19/03/2020,18,99,BB01,24840,C_000001,C_000001,0,,2,GAS 90,0.417,10.1610169492,11.99,4.24,0.76,5,,,,,,,GLL
N,19-03-2020,19/03/2020,18,99,BB01,24841,C_000001,C_000001,0,,2,GAS 90,0.417,10.1610169492,11.99,4.24,0.76,5,,,,,,,GLL
N,19-03-2020,19/03/2020,18,99,BB01,24842,C_000001,C_000001,0,,2,GAS 90,1.668,10.1610169492,11.99,16.95,3.05,20,,,,,,,GLL
B,19-03-2020,19/03/2020,18,99,BB01,24843,C_000001,C_000001,0,,2,GAS 90,0.501,10.1610169492,11.99,5.09,0.92,6.01,,,,,,,GLL
B,19-03-2020,19/03/2020,18,99,BB01,24844,C_000001,C_000001,0,,2,GAS 90,1.668,10.1610169492,11.99,16.95,3.05,20,,,,,,,GLL
B,19-03-2020,19/03/2020,18,99,BB01,24845,,,0,183487,5,DIESEL B5 S50,2.54,10.0084745763,11.81,25.42,4.58,30,,,,,,,GLL
N,19-03-2020,19/03/2020,18,99,BB01,24846,C_000001,C_000001,0,,4,GAS 98,0.345,12.2796610169,14.49,4.24,0.76,5,,,,,,,GLL
N,19-03-2020,19/03/2020,18,99,BB01,24847,C_000001,C_000001,0,,2,GAS 90,0.746,10.1610169492,11.99,7.58,1.36,8.94,,,,,,,GLL
N,19-03-2020,19/03/2020,18,99,BB01,24848,C_000001,C_000001,0,,2,GAS 90,1.251,10.1610169492,11.99,12.71,2.29,15,,,,,,,GLL
N,19-03-2020,19/03/2020,18,99,BB01,24849,C_000001,C_000001,0,,4,GAS 98,1.38,12.2796610169,14.49,16.95,3.05,20,,,,,,,GLL
N,19-03-2020,19/03/2020,18,99,BB01,24850,C_000001,C_000001,0,,2,GAS 90,0.25,10.1610169492,11.99,2.54,0.46,3,,,,,,,GLL
N,19-03-2020,19/03/2020,18,99,BB01,24851,C_000001,C_000001,0,,2,GAS 90,0.417,10.1610169492,11.99,4.24,0.76,5,,,,,,,GLL
N,19-03-2020,19/03/2020,18,99,BB01,24852,C_000001,C_000001,0,,2,GAS 90,0.25,10.1610169492,11.99,2.54,0.46,3,,,,,,,GLL
N,19-03-2020,19/03/2020,18,99,BB01,24853,C_000001,C_000001,0,,2,GAS 90,0.25,10.1610169492,11.99,2.54,0.46,3,,,,,,,GLL
B,19-03-2020,19/03/2020,18,99,BB01,24854,C_000001,C_000001,0,,2,GAS 90,0.834,10.1610169492,11.99,8.47,1.53,10,,,,,,,GLL
N,19-03-2020,19/03/2020,6,99,BB01,24855,C_000001,C_000001,0,,2,GAS 90,0.334,10.1610169492,11.99,3.39,0.61,4,,,,,,,GLL
N,19-03-2020,19/03/2020,6,99,BB01,24856,C_000001,C_000001,0,,2,GAS 90,0.417,10.1610169492,11.99,4.24,0.76,5,,,,,,,GLL
N,19-03-2020,19/03/2020,6,99,BB01,24857,C_000001,C_000001,0,,4,GAS 98,1.38,12.2796610169,14.49,16.95,3.05,20,,,,,,,GLL
N,19-03-2020,19/03/2020,6,99,BB01,24858,C_000001,C_000001,0,,2,GAS 90,0.834,10.1610169492,11.99,8.47,1.53,10,,,,,,,GLL
N,19-03-2020,19/03/2020,6,99,BB01,24859,C_000001,C_000001,0,,2,GAS 90,0.25,10.1610169492,11.99,2.54,0.46,3,,,,,,,GLL
B,19-03-2020,19/03/2020,6,99,BB01,24860,,,0,183546,3,GAS 95,1.43,11.8559322034,13.99,16.95,3.05,20,,,,,,,GLL
N,19-03-2020,19/03/2020,17,99,BB01,24861,C_000001,C_000001,0,,2,GAS 90,0.417,10.1610169492,11.99,4.24,0.76,5,,,,,,,GLL
N,19-03-2020,19/03/2020,17,99,BB01,24862,C_000001,C_000001,0,,2,GAS 90,0.417,10.1610169492,11.99,4.24,0.76,5,,,,,,,GLL
B,19-03-2020,19/03/2020,17,99,BB01,24863,,,0,183550,5,DIESEL B5 S50,12.701,10.0084745763,11.81,127.12,22.88,150,,,,,,,GLL
B,19-03-2020,19/03/2020,17,99,BB01,24864,,,0,183551,5,DIESEL B5 S50,4.234,10.0084745763,11.81,42.37,7.63,50,,,,,,,GLL
N,19-03-2020,19/03/2020,17,99,BB01,24865,C_000001,C_000001,0,,2,GAS 90,1.251,10.1610169492,11.99,12.71,2.29,15,,,,,,,GLL
B,20-03-2020,20/03/2020,18,99,BB03,23787,C_000001,C_000001,0,,2,GAS 90,0.834,10.1610169492,11.99,8.47,1.53,10,,,,,,,GLL
B,20-03-2020,20/03/2020,18,99,BB03,23788,C_000001,C_000001,0,,2,GAS 90,0.335,10.1610169492,11.99,3.41,0.61,4.02,,,,,,,GLL
B,20-03-2020,20/03/2020,18,99,BB03,23789,,,0,183604,5,DIESEL B5 S50,1.693,10.0084745763,11.81,16.95,3.05,20,,,,,,,GLL
N,20-03-2020,20/03/2020,18,99,BB02,47836,C_000001,C_000001,0,,8,GLP,13.88,1.2203389831,1.44,16.95,3.05,20,,,,,,,LTR
N,20-03-2020,20/03/2020,18,99,BB02,47837,C_000001,C_000001,0,,8,GLP,13.88,1.2203389831,1.44,16.95,3.05,20,,,,,,,LTR
N,20-03-2020,20/03/2020,18,99,BB02,47838,C_000001,C_000001,0,,8,GLP,5.87,1.2203389831,1.44,7.2,1.3,8.5,,,,,,,LTR
N,20-03-2020,20/03/2020,18,99,BB02,47839,C_000001,C_000001,0,,8,GLP,8.33,1.2203389831,1.44,10.17,1.83,12,,,,,,,LTR
N,20-03-2020,20/03/2020,18,99,BB02,47840,C_000001,C_000001,0,,8,GLP,6.94,1.2203389831,1.44,8.47,1.53,10,,,,,,,LTR
B,20-03-2020,20/03/2020,18,99,BB02,47841,,,0,183567,8,GLP,4.94,1.2203389831,1.44,6.1,1.1,7.2,,,,,,,LTR
N,20-03-2020,20/03/2020,18,99,BB02,47842,C_000001,C_000001,0,,8,GLP,19.42,1.2203389831,1.44,23.73,4.27,28,,,,,,,LTR
N,20-03-2020,20/03/2020,18,99,BB02,47843,C_000001,C_000001,0,,8,GLP,6.94,1.2203389831,1.44,8.47,1.53,10,,,,,,,LTR
N,20-03-2020,20/03/2020,18,99,BB02,47844,C_000001,C_000001,0,,8,GLP,6.94,1.2203389831,1.44,8.47,1.53,10,,,,,,,LTR
B,20-03-2020,20/03/2020,18,99,BB02,47845,C_000001,C_000001,0,,8,GLP,6.94,1.2203389831,1.44,8.47,1.53,10,,,,,,,LTR
B,20-03-2020,20/03/2020,18,99,BB02,47846,,,0,183587,8,GLP,8.88,1.2203389831,1.44,10.85,1.95,12.8,,,,,,,LTR
N,20-03-2020,20/03/2020,18,99,BB02,47847,C_000001,C_000001,0,,8,GLP,10.41,1.2203389831,1.44,12.71,2.29,15,,,,,,,LTR
N,20-03-2020,20/03/2020,18,99,BB02,47848,C_000001,C_000001,0,,8,GLP,4.16,1.2203389831,1.44,5.08,0.92,6,,,,,,,LTR
B,20-03-2020,20/03/2020,18,99,BB02,47849,,,0,183590,1,GAS 84,0.435,9.7372881356,11.49,4.24,0.76,5,,,,,,,GLL
B,20-03-2020,20/03/2020,18,99,BB02,47850,,,0,183591,8,GLP,6.94,1.2203389831,1.44,8.47,1.53,10,,,,,,,LTR
N,20-03-2020,20/03/2020,18,99,BB02,47851,C_000001,C_000001,0,,8,GLP,45.1,1.2203389831,1.44,55.08,9.92,65,,,,,,,LTR
B,20-03-2020,20/03/2020,18,99,BB02,47852,,,0,183603,8,GLP,20.83,1.2203389831,1.44,25.42,4.58,30,,,,,,,LTR
N,20-03-2020,20/03/2020,18,99,BB02,47853,C_000001,C_000001,0,,8,GLP,13.88,1.2203389831,1.44,16.95,3.05,20,,,,,,,LTR
B,20-03-2020,20/03/2020,18,99,BB02,47854,,,0,183611,8,GLP,7.84,1.2203389831,1.44,9.58,1.72,11.3,,,,,,,LTR
N,20-03-2020,20/03/2020,18,99,BB02,47855,C_000001,C_000001,0,,8,GLP,18.69,1.2203389831,1.44,22.88,4.12,27,,,,,,,LTR
B,20-03-2020,20/03/2020,18,99,BB02,47856,C_000001,C_000001,0,,8,GLP,13.88,1.2203389831,1.44,16.95,3.05,20,,,,,,,LTR
N,20-03-2020,20/03/2020,9,99,BB02,47857,C_000001,C_000001,0,,8,GLP,6.94,1.2203389831,1.44,8.47,1.53,10,,,,,,,LTR
B,20-03-2020,20/03/2020,9,99,BB02,47858,,,0,183626,8,GLP,13.88,1.2203389831,1.44,16.95,3.05,20,,,,,,,LTR
N,20-03-2020,20/03/2020,9,99,BB02,47859,C_000001,C_000001,0,,8,GLP,13.88,1.2203389831,1.44,16.95,3.05,20,,,,,,,LTR
N,20-03-2020,20/03/2020,9,99,BB02,47860,C_000001,C_000001,0,,8,GLP,4.86,1.2203389831,1.44,5.93,1.07,7,,,,,,,LTR
N,20-03-2020,20/03/2020,9,99,BB02,47861,C_000001,C_000001,0,,8,GLP,10.41,1.2203389831,1.44,12.71,2.29,15,,,,,,,LTR
B,20-03-2020,20/03/2020,9,99,BB02,47862,,,0,183629,8,GLP,23.33,1.2203389831,1.44,28.47,5.13,33.6,,,,,,,LTR
N,20-03-2020,20/03/2020,9,99,BB02,47863,C_000001,C_000001,0,,8,GLP,13.88,1.2203389831,1.44,16.95,3.05,20,,,,,,,LTR
N,20-03-2020,20/03/2020,9,99,BB02,47864,C_000001,C_000001,0,,8,GLP,13.88,1.2203389831,1.44,16.95,3.05,20,,,,,,,LTR
B,20-03-2020,20/03/2020,9,99,BB02,47865,,,0,183645,8,GLP,31.93,1.2203389831,1.44,38.98,7.02,46,,,,,,,LTR
B,20-03-2020,20/03/2020,9,99,BB02,47866,,,0,183646,8,GLP,6.94,1.2203389831,1.44,8.47,1.53,10,,,,,,,LTR
N,20-03-2020,20/03/2020,17,99,BB02,47867,C_000001,C_000001,0,,1,GAS 84,0.87,9.7372881356,11.49,8.47,1.53,10,,,,,,,GLL
N,20-03-2020,20/03/2020,18,99,BB01,24866,C_000001,C_000001,0,,2,GAS 90,0.834,10.1610169492,11.99,8.47,1.53,10,,,,,,,GLL
B,20-03-2020,20/03/2020,18,99,BB01,24867,,,0,183573,3,GAS 95,1.787,11.8559322034,13.99,21.19,3.81,25,,,,,,,GLL
N,20-03-2020,20/03/2020,18,99,BB01,24868,C_000001,C_000001,0,,2,GAS 90,2.502,10.1610169492,11.99,25.42,4.58,30,,,,,,,GLL
N,20-03-2020,20/03/2020,18,99,BB01,24869,C_000001,C_000001,0,,2,GAS 90,0.417,10.1610169492,11.99,4.24,0.76,5,,,,,,,GLL
N,20-03-2020,20/03/2020,18,99,BB01,24870,C_000001,C_000001,0,,2,GAS 90,0.667,10.1610169492,11.99,6.78,1.22,8,,,,,,,GLL
B,20-03-2020,20/03/2020,18,99,BB01,24871,,,0,183582,2,GAS 90,5.004,10.1610169492,11.99,50.85,9.15,60,,,,,,,GLL
N,20-03-2020,20/03/2020,18,99,BB01,24872,C_000001,C_000001,0,,2,GAS 90,0.417,10.1610169492,11.99,4.24,0.76,5,,,,,,,GLL
N,20-03-2020,20/03/2020,18,99,BB01,24873,C_000001,C_000001,0,,2,GAS 90,0.417,10.1610169492,11.99,4.24,0.76,5,,,,,,,GLL
N,20-03-2020,20/03/2020,18,99,BB01,24874,C_000001,C_000001,0,,3,GAS 95,1.43,11.8559322034,13.99,16.95,3.05,20,,,,,,,GLL
B,20-03-2020,20/03/2020,18,99,BB01,24875,C_000001,C_000001,0,,2,GAS 90,0.417,10.1610169492,11.99,4.24,0.76,5,,,,,,,GLL
N,20-03-2020,20/03/2020,18,99,BB01,24876,C_000001,C_000001,0,,2,GAS 90,0.417,10.1610169492,11.99,4.24,0.76,5,,,,,,,GLL
N,20-03-2020,20/03/2020,18,99,BB01,24877,C_000001,C_000001,0,,2,GAS 90,0.417,10.1610169492,11.99,4.24,0.76,5,,,,,,,GLL
B,20-03-2020,20/03/2020,18,99,BB01,24878,C_000001,C_000001,0,,2,GAS 90,0.834,10.1610169492,11.99,8.47,1.53,10,,,,,,,GLL
B,20-03-2020,20/03/2020,18,99,BB01,24879,,,0,183595,5,DIESEL B5 S50,4.234,10.0084745763,11.81,42.37,7.63,50,,,,,,,GLL
N,20-03-2020,20/03/2020,18,99,BB01,24880,C_000001,C_000001,0,,2,GAS 90,0.417,10.1610169492,11.99,4.24,0.76,5,,,,,,,GLL
N,20-03-2020,20/03/2020,18,99,BB01,24881,C_000001,C_000001,0,,2,GAS 90,0.417,10.1610169492,11.99,4.24,0.76,5,,,,,,,GLL
N,20-03-2020,20/03/2020,18,99,BB01,24882,C_000001,C_000001,0,,2,GAS 90,0.417,10.1610169492,11.99,4.24,0.76,5,,,,,,,GLL
N,20-03-2020,20/03/2020,18,99,BB01,24883,C_000001,C_000001,0,,2,GAS 90,0.667,10.1610169492,11.99,6.78,1.22,8,,,,,,,GLL
N,20-03-2020,20/03/2020,18,99,BB01,24884,C_000001,C_000001,0,,2,GAS 90,0.25,10.1610169492,11.99,2.54,0.46,3,,,,,,,GLL
N,20-03-2020,20/03/2020,18,99,BB01,24885,C_000001,C_000001,0,,2,GAS 90,0.417,10.1610169492,11.99,4.24,0.76,5,,,,,,,GLL
B,20-03-2020,20/03/2020,18,99,BB01,24886,C_000001,C_000001,0,,2,GAS 90,0.834,10.1610169492,11.99,8.47,1.53,10,,,,,,,GLL
N,20-03-2020,20/03/2020,18,99,BB01,24887,C_000001,C_000001,0,,2,GAS 90,1.668,10.1610169492,11.99,16.95,3.05,20,,,,,,,GLL
N,20-03-2020,20/03/2020,9,99,BB01,24888,C_000001,C_000001,0,,2,GAS 90,0.834,10.1610169492,11.99,8.47,1.53,10,,,,,,,GLL
N,20-03-2020,20/03/2020,9,99,BB01,24889,C_000001,C_000001,0,,2,GAS 90,0.834,10.1610169492,11.99,8.47,1.53,10,,,,,,,GLL
N,20-03-2020,20/03/2020,9,99,BB01,24890,C_000001,C_000001,0,,2,GAS 90,0.25,10.1610169492,11.99,2.54,0.46,3,,,,,,,GLL
N,20-03-2020,20/03/2020,9,99,BB01,24891,C_000001,C_000001,0,,3,GAS 95,1.43,11.8559322034,13.99,16.95,3.05,20,,,,,,,GLL
N,20-03-2020,20/03/2020,9,99,BB01,24892,C_000001,C_000001,0,,2,GAS 90,0.417,10.1610169492,11.99,4.24,0.76,5,,,,,,,GLL
N,20-03-2020,20/03/2020,9,99,BB01,24893,C_000001,C_000001,0,,2,GAS 90,0.834,10.1610169492,11.99,8.47,1.53,10,,,,,,,GLL
N,20-03-2020,20/03/2020,9,99,BB01,24894,C_000001,C_000001,0,,2,GAS 90,0.334,10.1610169492,11.99,3.39,0.61,4,,,,,,,GLL
N,20-03-2020,20/03/2020,9,99,BB01,24895,C_000001,C_000001,0,,2,GAS 90,0.834,10.1610169492,11.99,8.47,1.53,10,,,,,,,GLL
N,20-03-2020,20/03/2020,9,99,BB01,24896,C_000001,C_000001,0,,2,GAS 90,0.417,10.1610169492,11.99,4.24,0.76,5,,,,,,,GLL
B,20-03-2020,20/03/2020,9,99,BB01,24897,C_000001,C_000001,0,,2,GAS 90,1.668,10.1610169492,11.99,16.95,3.05,20,,,,,,,GLL
N,20-03-2020,20/03/2020,9,99,BB01,24898,C_000001,C_000001,0,,2,GAS 90,0.417,10.1610169492,11.99,4.24,0.76,5,,,,,,,GLL
N,20-03-2020,20/03/2020,6,99,BB01,24899,C_000001,C_000001,0,,2,GAS 90,1.001,10.1610169492,11.99,10.17,1.83,12,,,,,,,GLL
B,20-03-2020,20/03/2020,6,99,BB01,24900,,,0,183648,5,DIESEL B5 S50,16.935,10.0084745763,11.81,169.49,30.51,200,,,,,,,GLL
N,20-03-2020,20/03/2020,6,99,BB01,24901,C_000001,C_000001,0,,2,GAS 90,0.834,10.1610169492,11.99,8.47,1.53,10,,,,,,,GLL
N,20-03-2020,20/03/2020,6,99,BB01,24902,C_000001,C_000001,0,,5,DIESEL B5 S50,1.693,10.0084745763,11.81,16.95,3.05,20,,,,,,,GLL
B,20-03-2020,20/03/2020,6,99,BB01,24903,C_000001,C_000001,0,,3,GAS 95,3.574,11.8559322034,13.99,42.37,7.63,50,,,,,,,GLL
B,21-03-2020,21/03/2020,18,99,BB03,23790,,,0,183678,3,GAS 95,7.148,11.8559322034,13.99,84.75,15.25,100,,,,,,,GLL
B,21-03-2020,21/03/2020,18,99,BB03,23791,,,0,183690,5,DIESEL B5 S50,4.234,10.0084745763,11.81,42.37,7.63,50,,,,,,,GLL
B,21-03-2020,21/03/2020,18,99,BB03,23792,,,0,183694,5,DIESEL B5 S50,8.467,10.0084745763,11.81,84.75,15.25,100,,,,,,,GLL
B,21-03-2020,21/03/2020,18,99,BB02,47868,,,0,183655,8,GLP,13.88,1.2203389831,1.44,16.95,3.05,20,,,,,,,LTR
N,21-03-2020,21/03/2020,18,99,BB02,47869,C_000001,C_000001,0,,8,GLP,6.94,1.2203389831,1.44,8.47,1.53,10,,,,,,,LTR
B,21-03-2020,21/03/2020,18,99,BB02,47870,C_000001,C_000001,0,,8,GLP,5.55,1.2203389831,1.44,6.78,1.22,8,,,,,,,LTR
B,21-03-2020,21/03/2020,18,99,BB02,47871,C_000001,C_000001,0,,8,GLP,13.88,1.2203389831,1.44,16.95,3.05,20,,,,,,,LTR
N,21-03-2020,21/03/2020,18,99,BB02,47872,C_000001,C_000001,0,,1,GAS 84,1.701,9.7372881356,11.49,16.56,2.98,19.54,,,,,,,GLL
B,21-03-2020,21/03/2020,18,99,BB02,47873,C_000001,C_000001,0,,1,GAS 84,0.261,9.7372881356,11.49,2.54,0.46,3,,,,,,,GLL
N,21-03-2020,21/03/2020,18,99,BB02,47874,C_000001,C_000001,0,,8,GLP,13.88,1.2203389831,1.44,16.95,3.05,20,,,,,,,LTR
B,21-03-2020,21/03/2020,18,99,BB02,47875,C_000001,C_000001,0,,8,GLP,18.22,1.2203389831,1.44,22.29,4.01,26.3,,,,,,,LTR
B,21-03-2020,21/03/2020,18,99,BB02,47876,C_000001,C_000001,0,,8,GLP,10.41,1.2203389831,1.44,12.71,2.29,15,,,,,,,LTR
N,21-03-2020,21/03/2020,18,99,BB02,47877,C_000001,C_000001,0,,8,GLP,13.88,1.2203389831,1.44,16.95,3.05,20,,,,,,,LTR
N,21-03-2020,21/03/2020,18,99,BB02,47878,C_000001,C_000001,0,,8,GLP,6.94,1.2203389831,1.44,8.47,1.53,10,,,,,,,LTR
N,21-03-2020,21/03/2020,18,99,BB02,47879,C_000001,C_000001,0,,8,GLP,20.83,1.2203389831,1.44,25.42,4.58,30,,,,,,,LTR
N,21-03-2020,21/03/2020,18,99,BB02,47880,C_000001,C_000001,0,,8,GLP,13.27,1.2203389831,1.44,16.27,2.93,19.2,,,,,,,LTR
N,21-03-2020,21/03/2020,18,99,BB02,47881,C_000001,C_000001,0,,8,GLP,6.94,1.2203389831,1.44,8.47,1.53,10,,,,,,,LTR
N,21-03-2020,21/03/2020,18,99,BB02,47882,C_000001,C_000001,0,,8,GLP,6.94,1.2203389831,1.44,8.47,1.53,10,,,,,,,LTR
N,21-03-2020,21/03/2020,18,99,BB02,47883,C_000001,C_000001,0,,8,GLP,10.41,1.2203389831,1.44,12.71,2.29,15,,,,,,,LTR
B,21-03-2020,21/03/2020,18,99,BB02,47884,C_000001,C_000001,0,,8,GLP,12.52,1.2203389831,1.44,15.34,2.76,18.1,,,,,,,LTR
B,21-03-2020,21/03/2020,18,99,BB02,47885,C_000001,C_000001,0,,8,GLP,32.58,1.2203389831,1.44,39.83,7.17,47,,,,,,,LTR
B,21-03-2020,21/03/2020,18,99,BB02,47886,C_000001,C_000001,0,,8,GLP,13.88,1.2203389831,1.44,16.95,3.05,20,,,,,,,LTR
N,21-03-2020,21/03/2020,9,99,BB02,47887,C_000001,C_000001,0,,8,GLP,13.98,1.2203389831,1.44,17.12,3.08,20.2,,,,,,,LTR
N,21-03-2020,21/03/2020,9,99,BB02,47888,C_000001,C_000001,0,,8,GLP,6.94,1.2203389831,1.44,8.47,1.53,10,,,,,,,LTR
N,21-03-2020,21/03/2020,9,99,BB02,47889,C_000001,C_000001,0,,8,GLP,13.88,1.2203389831,1.44,16.95,3.05,20,,,,,,,LTR
N,21-03-2020,21/03/2020,9,99,BB02,47890,C_000001,C_000001,0,,8,GLP,6.94,1.2203389831,1.44,8.47,1.53,10,,,,,,,LTR
N,21-03-2020,21/03/2020,9,99,BB02,47891,C_000001,C_000001,0,,8,GLP,3.47,1.2203389831,1.44,4.24,0.76,5,,,,,,,LTR
N,21-03-2020,21/03/2020,9,99,BB02,47892,C_000001,C_000001,0,,8,GLP,12.64,1.2203389831,1.44,15.51,2.79,18.3,,,,,,,LTR
N,21-03-2020,21/03/2020,9,99,BB02,47893,C_000001,C_000001,0,,8,GLP,7.63,1.2203389831,1.44,9.32,1.68,11,,,,,,,LTR
N,21-03-2020,21/03/2020,9,99,BB02,47894,C_000001,C_000001,0,,8,GLP,6.94,1.2203389831,1.44,8.47,1.53,10,,,,,,,LTR
N,21-03-2020,21/03/2020,9,99,BB02,47895,C_000001,C_000001,0,,8,GLP,19.62,1.2203389831,1.44,23.98,4.32,28.3,,,,,,,LTR
N,21-03-2020,21/03/2020,9,99,BB02,47896,C_000001,C_000001,0,,8,GLP,3.47,1.2203389831,1.44,4.24,0.76,5,,,,,,,LTR
N,21-03-2020,21/03/2020,5,99,BB02,47897,C_000001,C_000001,0,,2,GAS 90,0.666,10.1610169492,11.99,6.77,1.22,7.99,,,,,,,GLL
N,21-03-2020,21/03/2020,5,99,BB02,47898,C_000001,C_000001,0,,8,GLP,2.08,1.2203389831,1.44,2.54,0.46,3,,,,,,,LTR
B,21-03-2020,21/03/2020,5,99,BB02,47899,C_000001,C_000001,0,,8,GLP,6.25,1.2203389831,1.44,7.63,1.37,9,,,,,,,LTR
N,21-03-2020,21/03/2020,18,99,BB01,24904,C_000001,C_000001,0,,2,GAS 90,0.5,10.1610169492,11.99,5.08,0.92,6,,,,,,,GLL
N,21-03-2020,21/03/2020,18,99,BB01,24905,C_000001,C_000001,0,,5,DIESEL B5 S50,1.693,10.0084745763,11.81,16.95,3.05,20,,,,,,,GLL
B,21-03-2020,21/03/2020,18,99,BB01,24906,C_000001,C_000001,0,,2,GAS 90,0.334,10.1610169492,11.99,3.39,0.61,4,,,,,,,GLL
B,21-03-2020,21/03/2020,18,99,BB01,24907,,,0,183664,5,DIESEL B5 S50,2.964,10.0084745763,11.81,29.66,5.34,35,,,,,,,GLL
N,21-03-2020,21/03/2020,18,99,BB01,24908,C_000001,C_000001,0,,2,GAS 90,0.417,10.1610169492,11.99,4.24,0.76,5,,,,,,,GLL
N,21-03-2020,21/03/2020,18,99,BB01,24909,C_000001,C_000001,0,,2,GAS 90,0.834,10.1610169492,11.99,8.47,1.53,10,,,,,,,GLL
N,21-03-2020,21/03/2020,18,99,BB01,24910,C_000001,C_000001,0,,2,GAS 90,1.668,10.1610169492,11.99,16.95,3.05,20,,,,,,,GLL
N,21-03-2020,21/03/2020,18,99,BB01,24911,C_000001,C_000001,0,,2,GAS 90,0.834,10.1610169492,11.99,8.47,1.53,10,,,,,,,GLL
N,21-03-2020,21/03/2020,18,99,BB01,24912,C_000001,C_000001,0,,2,GAS 90,0.834,10.1610169492,11.99,8.47,1.53,10,,,,,,,GLL
N,21-03-2020,21/03/2020,18,99,BB01,24913,C_000001,C_000001,0,,2,GAS 90,0.29,10.1610169492,11.99,2.95,0.53,3.48,,,,,,,GLL
N,21-03-2020,21/03/2020,18,99,BB01,24914,C_000001,C_000001,0,,5,DIESEL B5 S50,0.508,10.0084745763,11.81,5.08,0.92,6,,,,,,,GLL
N,21-03-2020,21/03/2020,18,99,BB01,24915,C_000001,C_000001,0,,2,GAS 90,0.417,10.1610169492,11.99,4.24,0.76,5,,,,,,,GLL
B,21-03-2020,21/03/2020,18,99,BB01,24916,C_000001,C_000001,0,,2,GAS 90,0.584,10.1610169492,11.99,5.93,1.07,7,,,,,,,GLL
N,21-03-2020,21/03/2020,9,99,BB01,24917,C_000001,C_000001,0,,2,GAS 90,0.417,10.1610169492,11.99,4.24,0.76,5,,,,,,,GLL
N,21-03-2020,21/03/2020,9,99,BB01,24918,C_000001,C_000001,0,,5,DIESEL B5 S50,0.847,10.0084745763,11.81,8.47,1.53,10,,,,,,,GLL
B,21-03-2020,21/03/2020,9,99,BB01,24919,,,0,183709,3,GAS 95,1.787,11.8559322034,13.99,21.19,3.81,25,,,,,,,GLL
N,21-03-2020,21/03/2020,9,99,BB01,24920,C_000001,C_000001,0,,2,GAS 90,0.834,10.1610169492,11.99,8.47,1.53,10,,,,,,,GLL
B,21-03-2020,21/03/2020,9,99,BB01,24921,,,0,183715,3,GAS 95,3.574,11.8559322034,13.99,42.37,7.63,50,,,,,,,GLL
N,21-03-2020,21/03/2020,9,99,BB01,24922,C_000001,C_000001,0,,2,GAS 90,1.251,10.1610169492,11.99,12.71,2.29,15,,,,,,,GLL
N,21-03-2020,21/03/2020,9,99,BB01,24923,C_000001,C_000001,0,,3,GAS 95,0.5,11.8559322034,13.99,5.93,1.07,7,,,,,,,GLL
B,21-03-2020,21/03/2020,9,99,BB01,24924,,,0,183726,3,GAS 95,0.715,11.8559322034,13.99,8.47,1.53,10,,,,,,,GLL
N,21-03-2020,21/03/2020,9,99,BB01,24925,C_000001,C_000001,0,,3,GAS 95,0.856,11.8559322034,13.99,10.15,1.83,11.98,,,,,,,GLL
N,21-03-2020,21/03/2020,9,99,BB01,24926,C_000001,C_000001,0,,2,GAS 90,0.417,10.1610169492,11.99,4.24,0.76,5,,,,,,,GLL
N,21-03-2020,21/03/2020,9,99,BB01,24927,C_000001,C_000001,0,,3,GAS 95,3.574,11.8559322034,13.99,42.37,7.63,50,,,,,,,GLL
N,21-03-2020,21/03/2020,6,99,BB01,24928,C_000001,C_000001,0,,2,GAS 90,0.25,10.1610169492,11.99,2.54,0.46,3,,,,,,,GLL
N,21-03-2020,21/03/2020,6,99,BB01,24929,C_000001,C_000001,0,,2,GAS 90,0.834,10.1610169492,11.99,8.47,1.53,10,,,,,,,GLL
N,21-03-2020,21/03/2020,6,99,BB01,24930,C_000001,C_000001,0,,2,GAS 90,0.417,10.1610169492,11.99,4.24,0.76,5,,,,,,,GLL
N,21-03-2020,21/03/2020,6,99,BB01,24931,C_000001,C_000001,0,,3,GAS 95,0.715,11.8559322034,13.99,8.47,1.53,10,,,,,,,GLL
B,21-03-2020,21/03/2020,6,99,BB01,24932,C_000001,C_000001,0,,3,GAS 95,0.715,11.8559322034,13.99,8.47,1.53,10,,,,,,,GLL
B,22-03-2020,22/03/2020,18,99,BB03,23793,,,0,183765,5,DIESEL B5 S50,8.467,10.0084745763,11.81,84.75,15.25,100,,,,,,,GLL
B,22-03-2020,22/03/2020,18,99,BB03,23794,C_000001,C_000001,0,,3,GAS 95,7.148,11.8559322034,13.99,84.75,15.25,100,,,,,,,GLL
B,22-03-2020,22/03/2020,18,99,BB03,23795,C_000001,C_000001,0,,2,GAS 90,0.417,10.1610169492,11.99,4.24,0.76,5,,,,,,,GLL
B,22-03-2020,22/03/2020,18,99,BB03,23796,,,0,183778,5,DIESEL B5 S50,1.693,10.0084745763,11.81,16.95,3.05,20,,,,,,,GLL
B,22-03-2020,22/03/2020,18,99,BB03,23797,,,0,183779,2,GAS 90,1.001,10.1610169492,11.99,10.17,1.83,12,,,,,,,GLL
B,22-03-2020,22/03/2020,5,99,BB03,23798,C_000001,C_000001,0,,2,GAS 90,0.834,10.1610169492,11.99,8.47,1.53,10,,,,,,,GLL
B,22-03-2020,22/03/2020,5,99,BB03,23799,C_000001,C_000001,0,,2,GAS 90,1.668,10.1610169492,11.99,16.95,3.05,20,,,,,,,GLL
N,22-03-2020,22/03/2020,18,99,BB02,47900,C_000001,C_000001,0,,8,GLP,13.88,1.2203389831,1.44,16.95,3.05,20,,,,,,,LTR
N,22-03-2020,22/03/2020,18,99,BB02,47901,C_000001,C_000001,0,,8,GLP,6.25,1.2203389831,1.44,7.63,1.37,9,,,,,,,LTR
B,22-03-2020,22/03/2020,18,99,BB02,47902,C_000001,C_000001,0,,8,GLP,6.94,1.2203389831,1.44,8.47,1.53,10,,,,,,,LTR
N,22-03-2020,22/03/2020,18,99,BB02,47903,C_000001,C_000001,0,,8,GLP,18.13,1.2203389831,1.44,22.2,4,26.2,,,,,,,LTR
B,22-03-2020,22/03/2020,18,99,BB02,47904,C_000001,C_000001,0,,8,GLP,6.94,1.2203389831,1.44,8.47,1.53,10,,,,,,,LTR
N,22-03-2020,22/03/2020,18,99,BB02,47905,C_000001,C_000001,0,,8,GLP,6.94,1.2203389831,1.44,8.47,1.53,10,,,,,,,LTR
N,22-03-2020,22/03/2020,18,99,BB02,47906,C_000001,C_000001,0,,8,GLP,6.94,1.2203389831,1.44,8.47,1.53,10,,,,,,,LTR
N,22-03-2020,22/03/2020,18,99,BB02,47907,C_000001,C_000001,0,,8,GLP,6.94,1.2203389831,1.44,8.47,1.53,10,,,,,,,LTR
N,22-03-2020,22/03/2020,18,99,BB02,47908,C_000001,C_000001,0,,8,GLP,10.41,1.2203389831,1.44,12.71,2.29,15,,,,,,,LTR
B,22-03-2020,22/03/2020,18,99,BB02,47909,,,0,183773,8,GLP,6.94,1.2203389831,1.44,8.47,1.53,10,,,,,,,LTR
B,22-03-2020,22/03/2020,18,99,BB02,47910,C_000001,C_000001,0,,8,GLP,6.94,1.2203389831,1.44,8.47,1.53,10,,,,,,,LTR
N,22-03-2020,22/03/2020,18,99,BB02,47911,C_000001,C_000001,0,,8,GLP,13.88,1.2203389831,1.44,16.95,3.05,20,,,,,,,LTR
N,22-03-2020,22/03/2020,18,99,BB02,47912,C_000001,C_000001,0,,8,GLP,13.88,1.2203389831,1.44,16.95,3.05,20,,,,,,,LTR
N,22-03-2020,22/03/2020,18,99,BB02,47913,C_000001,C_000001,0,,8,GLP,6.94,1.2203389831,1.44,8.47,1.53,10,,,,,,,LTR
N,22-03-2020,22/03/2020,18,99,BB02,47914,C_000001,C_000001,0,,8,GLP,16.87,1.2203389831,1.44,20.59,3.71,24.3,,,,,,,LTR
N,22-03-2020,22/03/2020,18,99,BB02,47915,C_000001,C_000001,0,,8,GLP,5.55,1.2203389831,1.44,6.78,1.22,8,,,,,,,LTR
N,22-03-2020,22/03/2020,18,99,BB02,47916,C_000001,C_000001,0,,8,GLP,6.94,1.2203389831,1.44,8.47,1.53,10,,,,,,,LTR
N,22-03-2020,22/03/2020,18,99,BB02,47917,C_000001,C_000001,0,,8,GLP,2.77,1.2203389831,1.44,3.39,0.61,4,,,,,,,LTR
N,22-03-2020,22/03/2020,18,99,BB02,47918,C_000001,C_000001,0,,8,GLP,6.94,1.2203389831,1.44,8.47,1.53,10,,,,,,,LTR
N,22-03-2020,22/03/2020,18,99,BB02,47919,C_000001,C_000001,0,,8,GLP,18.5,1.2203389831,1.44,22.63,4.07,26.7,,,,,,,LTR
N,22-03-2020,22/03/2020,18,99,BB02,47920,C_000001,C_000001,0,,8,GLP,6.94,1.2203389831,1.44,8.47,1.53,10,,,,,,,LTR
N,22-03-2020,22/03/2020,18,99,BB02,47921,C_000001,C_000001,0,,8,GLP,12.73,1.2203389831,1.44,15.59,2.81,18.4,,,,,,,LTR
N,22-03-2020,22/03/2020,18,99,BB02,47922,C_000001,C_000001,0,,8,GLP,6.94,1.2203389831,1.44,8.47,1.53,10,,,,,,,LTR
N,22-03-2020,22/03/2020,18,99,BB02,47923,C_000001,C_000001,0,,8,GLP,6.94,1.2203389831,1.44,8.47,1.53,10,,,,,,,LTR
N,22-03-2020,22/03/2020,18,99,BB02,47924,C_000001,C_000001,0,,8,GLP,13.88,1.2203389831,1.44,16.95,3.05,20,,,,,,,LTR
B,22-03-2020,22/03/2020,18,99,BB02,47925,C_000001,C_000001,0,,8,GLP,6.94,1.2203389831,1.44,8.47,1.53,10,,,,,,,LTR
N,22-03-2020,22/03/2020,17,99,BB02,47926,C_000001,C_000001,0,,8,GLP,13.88,1.2203389831,1.44,16.95,3.05,20,,,,,,,LTR
N,22-03-2020,22/03/2020,17,99,BB02,47927,C_000001,C_000001,0,,8,GLP,6.94,1.2203389831,1.44,8.47,1.53,10,,,,,,,LTR
N,22-03-2020,22/03/2020,17,99,BB02,47928,C_000001,C_000001,0,,8,GLP,6.94,1.2203389831,1.44,8.47,1.53,10,,,,,,,LTR
N,22-03-2020,22/03/2020,17,99,BB02,47929,C_000001,C_000001,0,,8,GLP,16.07,1.2203389831,1.44,19.66,3.54,23.2,,,,,,,LTR
N,22-03-2020,22/03/2020,17,99,BB02,47930,C_000001,C_000001,0,,8,GLP,13.88,1.2203389831,1.44,16.95,3.05,20,,,,,,,LTR
B,22-03-2020,22/03/2020,6,99,BB02,47931,C_000001,C_000001,0,,8,GLP,6.94,1.2203389831,1.44,8.47,1.53,10,,,,,,,LTR
N,22-03-2020,22/03/2020,18,99,BB01,24933,C_000001,C_000001,0,,4,GAS 98,0.69,12.2796610169,14.49,8.47,1.53,10,,,,,,,GLL
N,22-03-2020,22/03/2020,18,99,BB01,24934,C_000001,C_000001,0,,2,GAS 90,0.417,10.1610169492,11.99,4.24,0.76,5,,,,,,,GLL
B,22-03-2020,22/03/2020,18,99,BB01,24935,,,0,183755,2,GAS 90,0.834,10.1610169492,11.99,8.47,1.53,10,,,,,,,GLL
B,22-03-2020,22/03/2020,18,99,BB01,24936,C_000001,C_000001,0,,2,GAS 90,0.417,10.1610169492,11.99,4.24,0.76,5,,,,,,,GLL
N,22-03-2020,22/03/2020,18,99,BB01,24937,C_000001,C_000001,0,,2,GAS 90,0.417,10.1610169492,11.99,4.24,0.76,5,,,,,,,GLL
N,22-03-2020,22/03/2020,18,99,BB01,24938,C_000001,C_000001,0,,2,GAS 90,1.251,10.1610169492,11.99,12.71,2.29,15,,,,,,,GLL
N,22-03-2020,22/03/2020,18,99,BB01,24939,C_000001,C_000001,0,,5,DIESEL B5 S50,0.169,10.0084745763,11.81,1.69,0.31,2,,,,,,,GLL
N,22-03-2020,22/03/2020,18,99,BB01,24940,C_000001,C_000001,0,,2,GAS 90,0.738,10.1610169492,11.99,7.5,1.35,8.85,,,,,,,GLL
N,22-03-2020,22/03/2020,18,99,BB01,24941,C_000001,C_000001,0,,2,GAS 90,0.435,10.1610169492,11.99,4.42,0.8,5.22,,,,,,,GLL
N,22-03-2020,22/03/2020,18,99,BB01,24942,C_000001,C_000001,0,,2,GAS 90,0.417,10.1610169492,11.99,4.24,0.76,5,,,,,,,GLL
N,22-03-2020,22/03/2020,18,99,BB01,24943,C_000001,C_000001,0,,2,GAS 90,1.01,10.1610169492,11.99,10.26,1.85,12.11,,,,,,,GLL
N,22-03-2020,22/03/2020,18,99,BB01,24944,C_000001,C_000001,0,,2,GAS 90,0.834,10.1610169492,11.99,8.47,1.53,10,,,,,,,GLL
N,22-03-2020,22/03/2020,18,99,BB01,24945,C_000001,C_000001,0,,2,GAS 90,0.417,10.1610169492,11.99,4.24,0.76,5,,,,,,,GLL
N,22-03-2020,22/03/2020,18,99,BB01,24946,C_000001,C_000001,0,,2,GAS 90,0.534,10.1610169492,11.99,5.42,0.98,6.4,,,,,,,GLL
N,22-03-2020,22/03/2020,18,99,BB01,24947,C_000001,C_000001,0,,2,GAS 90,0.417,10.1610169492,11.99,4.24,0.76,5,,,,,,,GLL
N,22-03-2020,22/03/2020,18,99,BB01,24948,C_000001,C_000001,0,,3,GAS 95,3.574,11.8559322034,13.99,42.37,7.63,50,,,,,,,GLL
N,22-03-2020,22/03/2020,18,99,BB01,24949,C_000001,C_000001,0,,2,GAS 90,0.417,10.1610169492,11.99,4.24,0.76,5,,,,,,,GLL
N,22-03-2020,22/03/2020,18,99,BB01,24950,C_000001,C_000001,0,,2,GAS 90,0.417,10.1610169492,11.99,4.24,0.76,5,,,,,,,GLL
N,22-03-2020,22/03/2020,18,99,BB01,24951,C_000001,C_000001,0,,5,DIESEL B5 S50,1.7,10.0084745763,11.81,17.02,3.06,20.08,,,,,,,GLL
N,22-03-2020,22/03/2020,18,99,BB01,24952,C_000001,C_000001,0,,2,GAS 90,0.417,10.1610169492,11.99,4.24,0.76,5,,,,,,,GLL
N,22-03-2020,22/03/2020,18,99,BB01,24953,C_000001,C_000001,0,,3,GAS 95,3.574,11.8559322034,13.99,42.37,7.63,50,,,,,,,GLL
N,22-03-2020,22/03/2020,18,99,BB01,24954,C_000001,C_000001,0,,2,GAS 90,1.668,10.1610169492,11.99,16.95,3.05,20,,,,,,,GLL
N,22-03-2020,22/03/2020,18,99,BB01,24955,C_000001,C_000001,0,,2,GAS 90,0.667,10.1610169492,11.99,6.78,1.22,8,,,,,,,GLL
B,22-03-2020,22/03/2020,17,99,BB01,24956,,,0,183813,2,GAS 90,0.417,10.1610169492,11.99,4.24,0.76,5,,,,,,,GLL
N,22-03-2020,22/03/2020,17,99,BB01,24957,C_000001,C_000001,0,,2,GAS 90,0.417,10.1610169492,11.99,4.24,0.76,5,,,,,,,GLL
B,22-03-2020,22/03/2020,17,99,BB01,24958,,,0,183818,2,GAS 90,2.502,10.1610169492,11.99,25.42,4.58,30,,,,,,,GLL
N,22-03-2020,22/03/2020,17,99,BB01,24959,C_000001,C_000001,0,,2,GAS 90,0.834,10.1610169492,11.99,8.47,1.53,10,,,,,,,GLL
N,22-03-2020,22/03/2020,17,99,BB01,24960,C_000001,C_000001,0,,2,GAS 90,0.834,10.1610169492,11.99,8.47,1.53,10,,,,,,,GLL
N,22-03-2020,22/03/2020,17,99,BB01,24961,C_000001,C_000001,0,,2,GAS 90,0.417,10.1610169492,11.99,4.24,0.76,5,,,,,,,GLL
N,22-03-2020,22/03/2020,17,99,BB01,24962,C_000001,C_000001,0,,5,DIESEL B5 S50,8.467,10.0084745763,11.81,84.75,15.25,100,,,,,,,GLL
B,22-03-2020,22/03/2020,17,99,BB01,24963,,,0,183828,2,GAS 90,0.834,10.1610169492,11.99,8.47,1.53,10,,,,,,,GLL
N,22-03-2020,22/03/2020,17,99,BB01,24964,C_000001,C_000001,0,,2,GAS 90,3,10.1610169492,11.99,30.48,5.49,35.97,,,,,,,GLL
N,22-03-2020,22/03/2020,17,99,BB01,24965,C_000001,C_000001,0,,2,GAS 90,0.334,10.1610169492,11.99,3.39,0.61,4,,,,,,,GLL
N,22-03-2020,22/03/2020,17,99,BB01,24966,C_000001,C_000001,0,,3,GAS 95,0.715,11.8559322034,13.99,8.47,1.53,10,,,,,,,GLL
N,22-03-2020,22/03/2020,17,99,BB01,24967,C_000001,C_000001,0,,2,GAS 90,0.25,10.1610169492,11.99,2.54,0.46,3,,,,,,,GLL
N,22-03-2020,22/03/2020,17,99,BB01,24968,C_000001,C_000001,0,,2,GAS 90,0.417,10.1610169492,11.99,4.24,0.76,5,,,,,,,GLL
N,22-03-2020,22/03/2020,17,99,BB01,24969,C_000001,C_000001,0,,3,GAS 95,0.357,11.8559322034,13.99,4.24,0.76,5,,,,,,,GLL
N,22-03-2020,22/03/2020,5,99,BB01,24970,C_000001,C_000001,0,,2,GAS 90,1.251,10.1610169492,11.99,12.71,2.29,15,,,,,,,GLL
N,22-03-2020,22/03/2020,5,99,BB01,24971,C_000001,C_000001,0,,5,DIESEL B5 S50,4.234,10.0084745763,11.81,42.37,7.63,50,,,,,,,GLL
B,23-03-2020,23/03/2020,9,99,BB03,23800,,,0,183843,5,DIESEL B5 S50,5.08,10.0084745763,11.81,50.85,9.15,60,,,,,,,GLL
B,23-03-2020,23/03/2020,9,99,BB03,23801,,,0,183879,5,DIESEL B5 S50,2.54,10.0084745763,11.81,25.42,4.58,30,,,,,,,GLL
B,23-03-2020,23/03/2020,17,99,BB03,23802,C_000001,C_000001,0,,2,GAS 90,0.417,10.1610169492,11.99,4.24,0.76,5,,,,,,,GLL
N,23-03-2020,23/03/2020,9,99,BB02,47932,C_000001,C_000001,0,,8,GLP,13.88,1.2203389831,1.44,16.95,3.05,20,,,,,,,LTR
N,23-03-2020,23/03/2020,9,99,BB02,47933,C_000001,C_000001,0,,8,GLP,20.83,1.2203389831,1.44,25.42,4.58,30,,,,,,,LTR
N,23-03-2020,23/03/2020,9,99,BB02,47934,C_000001,C_000001,0,,8,GLP,5.55,1.2203389831,1.44,6.78,1.22,8,,,,,,,LTR
N,23-03-2020,23/03/2020,9,99,BB02,47935,C_000001,C_000001,0,,8,GLP,10.41,1.2203389831,1.44,12.71,2.29,15,,,,,,,LTR
N,23-03-2020,23/03/2020,9,99,BB02,47936,C_000001,C_000001,0,,8,GLP,6.94,1.2203389831,1.44,8.47,1.53,10,,,,,,,LTR
N,23-03-2020,23/03/2020,9,99,BB02,47937,C_000001,C_000001,0,,8,GLP,10.59,1.2203389831,1.44,12.97,2.33,15.3,,,,,,,LTR
N,23-03-2020,23/03/2020,9,99,BB02,47938,C_000001,C_000001,0,,8,GLP,3.47,1.2203389831,1.44,4.24,0.76,5,,,,,,,LTR
N,23-03-2020,23/03/2020,9,99,BB02,47939,C_000001,C_000001,0,,8,GLP,29.18,1.2203389831,1.44,35.68,6.42,42.1,,,,,,,LTR
N,23-03-2020,23/03/2020,9,99,BB02,47940,C_000001,C_000001,0,,8,GLP,13.15,1.2203389831,1.44,16.1,2.9,19,,,,,,,LTR
N,23-03-2020,23/03/2020,9,99,BB02,47941,C_000001,C_000001,0,,8,GLP,6.94,1.2203389831,1.44,8.47,1.53,10,,,,,,,LTR
N,23-03-2020,23/03/2020,9,99,BB02,47942,C_000001,C_000001,0,,8,GLP,6.94,1.2203389831,1.44,8.47,1.53,10,,,,,,,LTR
N,23-03-2020,23/03/2020,9,99,BB02,47943,C_000001,C_000001,0,,8,GLP,6.94,1.2203389831,1.44,8.47,1.53,10,,,,,,,LTR
N,23-03-2020,23/03/2020,9,99,BB02,47944,C_000001,C_000001,0,,8,GLP,10.41,1.2203389831,1.44,12.71,2.29,15,,,,,,,LTR
N,23-03-2020,23/03/2020,9,99,BB02,47945,C_000001,C_000001,0,,8,GLP,10.41,1.2203389831,1.44,12.71,2.29,15,,,,,,,LTR
N,23-03-2020,23/03/2020,9,99,BB02,47946,C_000001,C_000001,0,,8,GLP,14.09,1.2203389831,1.44,17.2,3.1,20.3,,,,,,,LTR
N,23-03-2020,23/03/2020,9,99,BB02,47947,C_000001,C_000001,0,,8,GLP,4.16,1.2203389831,1.44,5.08,0.92,6,,,,,,,LTR
N,23-03-2020,23/03/2020,9,99,BB02,47948,C_000001,C_000001,0,,8,GLP,0.28,1.2203389831,1.44,0.42,0.08,0.5,,,,,,,LTR
N,23-03-2020,23/03/2020,9,99,BB02,47949,C_000001,C_000001,0,,8,GLP,13.88,1.2203389831,1.44,16.95,3.05,20,,,,,,,LTR
N,23-03-2020,23/03/2020,9,99,BB02,47950,C_000001,C_000001,0,,8,GLP,8.11,1.2203389831,1.44,9.92,1.78,11.7,,,,,,,LTR
N,23-03-2020,23/03/2020,9,99,BB02,47951,C_000001,C_000001,0,,8,GLP,9.85,1.2203389831,1.44,12.03,2.17,14.2,,,,,,,LTR
N,23-03-2020,23/03/2020,9,99,BB02,47952,C_000001,C_000001,0,,8,GLP,6.94,1.2203389831,1.44,8.47,1.53,10,,,,,,,LTR
N,23-03-2020,23/03/2020,9,99,BB02,47953,C_000001,C_000001,0,,8,GLP,6.94,1.2203389831,1.44,8.47,1.53,10,,,,,,,LTR
N,23-03-2020,23/03/2020,9,99,BB02,47954,C_000001,C_000001,0,,8,GLP,6.94,1.2203389831,1.44,8.47,1.53,10,,,,,,,LTR
N,23-03-2020,23/03/2020,9,99,BB02,47955,C_000001,C_000001,0,,8,GLP,10.41,1.2203389831,1.44,12.71,2.29,15,,,,,,,LTR
N,23-03-2020,23/03/2020,9,99,BB02,47956,C_000001,C_000001,0,,8,GLP,6.94,1.2203389831,1.44,8.47,1.53,10,,,,,,,LTR
N,23-03-2020,23/03/2020,9,99,BB02,47957,C_000001,C_000001,0,,8,GLP,6.94,1.2203389831,1.44,8.47,1.53,10,,,,,,,LTR
N,23-03-2020,23/03/2020,9,99,BB02,47958,C_000001,C_000001,0,,8,GLP,26.31,1.2203389831,1.44,32.12,5.78,37.9,,,,,,,LTR
N,23-03-2020,23/03/2020,9,99,BB02,47959,C_000001,C_000001,0,,8,GLP,6.94,1.2203389831,1.44,8.47,1.53,10,,,,,,,LTR
N,23-03-2020,23/03/2020,17,99,BB02,47960,C_000001,C_000001,0,,8,GLP,17.36,1.2203389831,1.44,21.19,3.81,25,,,,,,,LTR
N,23-03-2020,23/03/2020,17,99,BB02,47961,C_000001,C_000001,0,,8,GLP,6.94,1.2203389831,1.44,8.47,1.53,10,,,,,,,LTR
N,23-03-2020,23/03/2020,17,99,BB02,47962,C_000001,C_000001,0,,8,GLP,6.94,1.2203389831,1.44,8.47,1.53,10,,,,,,,LTR
B,23-03-2020,23/03/2020,17,99,BB02,47963,,,0,183933,8,GLP,10.41,1.2203389831,1.44,12.71,2.29,15,,,,,,,LTR
B,23-03-2020,23/03/2020,17,99,BB02,47964,,,0,183934,8,GLP,3.47,1.2203389831,1.44,4.24,0.76,5,,,,,,,LTR
N,23-03-2020,23/03/2020,17,99,BB02,47965,C_000001,C_000001,0,,8,GLP,28.76,1.2203389831,1.44,35.17,6.33,41.5,,,,,,,LTR
N,23-03-2020,23/03/2020,17,99,BB02,47966,C_000001,C_000001,0,,8,GLP,16.5,1.2203389831,1.44,20.17,3.63,23.8,,,,,,,LTR
N,23-03-2020,23/03/2020,17,99,BB02,47967,C_000001,C_000001,0,,8,GLP,10.41,1.2203389831,1.44,12.71,2.29,15,,,,,,,LTR
N,23-03-2020,23/03/2020,17,99,BB02,47968,C_000001,C_000001,0,,8,GLP,15.9,1.2203389831,1.44,19.41,3.49,22.9,,,,,,,LTR
B,23-03-2020,23/03/2020,5,99,BB02,47969,C_000001,C_000001,0,,8,GLP,13.88,1.2203389831,1.44,16.95,3.05,20,,,,,,,LTR
N,23-03-2020,23/03/2020,9,99,BB01,24972,C_000001,C_000001,0,,5,DIESEL B5 S50,8.467,10.0084745763,11.81,84.75,15.25,100,,,,,,,GLL
N,23-03-2020,23/03/2020,9,99,BB01,24973,C_000001,C_000001,0,,2,GAS 90,1.251,10.1610169492,11.99,12.71,2.29,15,,,,,,,GLL
N,23-03-2020,23/03/2020,9,99,BB01,24974,C_000001,C_000001,0,,2,GAS 90,0.417,10.1610169492,11.99,4.24,0.76,5,,,,,,,GLL
N,23-03-2020,23/03/2020,9,99,BB01,24975,C_000001,C_000001,0,,5,DIESEL B5 S50,0.847,10.0084745763,11.81,8.47,1.53,10,,,,,,,GLL
N,23-03-2020,23/03/2020,9,99,BB01,24976,C_000001,C_000001,0,,2,GAS 90,0.834,10.1610169492,11.99,8.47,1.53,10,,,,,,,GLL
N,23-03-2020,23/03/2020,9,99,BB01,24977,C_000001,C_000001,0,,2,GAS 90,1.668,10.1610169492,11.99,16.95,3.05,20,,,,,,,GLL
N,23-03-2020,23/03/2020,9,99,BB01,24978,C_000001,C_000001,0,,2,GAS 90,0.417,10.1610169492,11.99,4.24,0.76,5,,,,,,,GLL
N,23-03-2020,23/03/2020,9,99,BB01,24979,C_000001,C_000001,0,,4,GAS 98,0.69,12.2796610169,14.49,8.47,1.53,10,,,,,,,GLL
N,23-03-2020,23/03/2020,9,99,BB01,24980,C_000001,C_000001,0,,2,GAS 90,0.417,10.1610169492,11.99,4.24,0.76,5,,,,,,,GLL
N,23-03-2020,23/03/2020,9,99,BB01,24981,C_000001,C_000001,0,,2,GAS 90,0.584,10.1610169492,11.99,5.93,1.07,7,,,,,,,GLL
N,23-03-2020,23/03/2020,9,99,BB01,24982,C_000001,C_000001,0,,2,GAS 90,0.25,10.1610169492,11.99,2.54,0.46,3,,,,,,,GLL
N,23-03-2020,23/03/2020,9,99,BB01,24983,C_000001,C_000001,0,,2,GAS 90,1.668,10.1610169492,11.99,16.95,3.05,20,,,,,,,GLL
N,23-03-2020,23/03/2020,9,99,BB01,24984,C_000001,C_000001,0,,2,GAS 90,4.17,10.1610169492,11.99,42.37,7.63,50,,,,,,,GLL
N,23-03-2020,23/03/2020,9,99,BB01,24985,C_000001,C_000001,0,,2,GAS 90,4,10.1610169492,11.99,40.64,7.32,47.96,,,,,,,GLL
N,23-03-2020,23/03/2020,9,99,BB01,24986,C_000001,C_000001,0,,2,GAS 90,1.668,10.1610169492,11.99,16.95,3.05,20,,,,,,,GLL
N,23-03-2020,23/03/2020,9,99,BB01,24987,C_000001,C_000001,0,,3,GAS 95,1.43,11.8559322034,13.99,16.95,3.05,20,,,,,,,GLL
N,23-03-2020,23/03/2020,9,99,BB01,24988,C_000001,C_000001,0,,2,GAS 90,0.584,10.1610169492,11.99,5.93,1.07,7,,,,,,,GLL
N,23-03-2020,23/03/2020,9,99,BB01,24989,C_000001,C_000001,0,,2,GAS 90,1.84,10.1610169492,11.99,18.69,3.37,22.06,,,,,,,GLL
N,23-03-2020,23/03/2020,9,99,BB01,24990,C_000001,C_000001,0,,2,GAS 90,0.417,10.1610169492,11.99,4.24,0.76,5,,,,,,,GLL
N,23-03-2020,23/03/2020,9,99,BB01,24991,C_000001,C_000001,0,,2,GAS 90,0.417,10.1610169492,11.99,4.24,0.76,5,,,,,,,GLL
B,23-03-2020,23/03/2020,9,99,BB01,24992,C_000001,C_000001,0,,2,GAS 90,0.834,10.1610169492,11.99,8.47,1.53,10,,,,,,,GLL
N,23-03-2020,23/03/2020,17,99,BB01,24993,C_000001,C_000001,0,,5,DIESEL B5 S50,2.54,10.0084745763,11.81,25.42,4.58,30,,,,,,,GLL
B,23-03-2020,23/03/2020,17,99,BB01,24994,,,0,183917,5,DIESEL B5 S50,8.467,10.0084745763,11.81,84.75,15.25,100,,,,,,,GLL
N,23-03-2020,23/03/2020,17,99,BB01,24995,C_000001,C_000001,0,,2,GAS 90,0.417,10.1610169492,11.99,4.24,0.76,5,,,,,,,GLL
N,23-03-2020,23/03/2020,17,99,BB01,24996,C_000001,C_000001,0,,5,DIESEL B5 S50,3.387,10.0084745763,11.81,33.9,6.1,40,,,,,,,GLL
N,23-03-2020,23/03/2020,17,99,BB01,24997,C_000001,C_000001,0,,2,GAS 90,0.667,10.1610169492,11.99,6.78,1.22,8,,,,,,,GLL
N,23-03-2020,23/03/2020,17,99,BB01,24998,C_000001,C_000001,0,,5,DIESEL B5 S50,0.847,10.0084745763,11.81,8.47,1.53,10,,,,,,,GLL
N,23-03-2020,23/03/2020,17,99,BB01,24999,C_000001,C_000001,0,,2,GAS 90,0.745,10.1610169492,11.99,7.57,1.36,8.93,,,,,,,GLL
B,23-03-2020,23/03/2020,17,99,BB01,25000,,,0,183924,5,DIESEL B5 S50,0.847,10.0084745763,11.81,8.47,1.53,10,,,,,,,GLL
B,23-03-2020,23/03/2020,17,99,BB01,25001,,,0,183926,2,GAS 90,1,10.1610169492,11.99,10.16,1.83,11.99,,,,,,,GLL
B,23-03-2020,23/03/2020,17,99,BB01,25002,,,0,183927,2,GAS 90,1,10.1610169492,11.99,10.16,1.83,11.99,,,,,,,GLL
B,23-03-2020,23/03/2020,17,99,BB01,25003,,,0,183928,2,GAS 90,4,10.1610169492,11.99,40.64,7.32,47.96,,,,,,,GLL
B,23-03-2020,23/03/2020,17,99,BB01,25004,,,0,183935,3,GAS 95,1.43,11.8559322034,13.99,16.95,3.05,20,,,,,,,GLL
N,23-03-2020,23/03/2020,17,99,BB01,25005,C_000001,C_000001,0,,2,GAS 90,0.626,10.1610169492,11.99,6.36,1.14,7.5,,,,,,,GLL
N,23-03-2020,23/03/2020,17,99,BB01,25006,C_000001,C_000001,0,,2,GAS 90,0.834,10.1610169492,11.99,8.47,1.53,10,,,,,,,GLL
N,23-03-2020,23/03/2020,17,99,BB01,25007,C_000001,C_000001,0,,2,GAS 90,0.417,10.1610169492,11.99,4.24,0.76,5,,,,,,,GLL
N,23-03-2020,23/03/2020,17,99,BB01,25008,C_000001,C_000001,0,,2,GAS 90,0.417,10.1610169492,11.99,4.24,0.76,5,,,,,,,GLL
N,23-03-2020,23/03/2020,17,99,BB01,25009,C_000001,C_000001,0,,3,GAS 95,2.144,11.8559322034,13.99,25.42,4.58,30,,,,,,,GLL
N,23-03-2020,23/03/2020,17,99,BB01,25010,C_000001,C_000001,0,,2,GAS 90,0.417,10.1610169492,11.99,4.24,0.76,5,,,,,,,GLL
N,23-03-2020,23/03/2020,17,99,BB01,25011,C_000001,C_000001,0,,3,GAS 95,0.715,11.8559322034,13.99,8.47,1.53,10,,,,,,,GLL
B,23-03-2020,23/03/2020,17,99,BB01,25012,C_000001,C_000001,0,,3,GAS 95,1.43,11.8559322034,13.99,16.95,3.05,20,,,,,,,GLL
N,23-03-2020,23/03/2020,6,99,BB01,25013,C_000001,C_000001,0,,2,GAS 90,1.084,10.1610169492,11.99,11.02,1.98,13,,,,,,,GLL
N,23-03-2020,23/03/2020,6,99,BB01,25014,C_000001,C_000001,0,,2,GAS 90,0.417,10.1610169492,11.99,4.24,0.76,5,,,,,,,GLL
N,23-03-2020,23/03/2020,6,99,BB01,25015,C_000001,C_000001,0,,2,GAS 90,1.251,10.1610169492,11.99,12.71,2.29,15,,,,,,,GLL
B,23-03-2020,23/03/2020,6,99,BB01,25016,C_000001,C_000001,0,,2,GAS 90,0.834,10.1610169492,11.99,8.47,1.53,10,,,,,,,GLL
N,23-03-2020,23/03/2020,6,99,BB01,25017,C_000001,C_000001,0,,2,GAS 90,0.834,10.1610169492,11.99,8.47,1.53,10,,,,,,,GLL
B,24-03-2020,24/03/2020,15,99,BB03,23803,C_000001,C_000001,0,,2,GAS 90,0.417,10.1610169492,11.99,4.24,0.76,5,,,,,,,GLL
B,24-03-2020,24/03/2020,15,99,BB03,23804,,,0,183971,5,DIESEL B5 S50,23.71,10.0084745763,11.81,237.31,42.71,280.02,,,,,,,GLL
B,24-03-2020,24/03/2020,15,99,BB03,23805,,,0,183974,2,GAS 90,0.5,10.1610169492,11.99,5.08,0.92,6,,,,,,,GLL
B,24-03-2020,24/03/2020,15,99,BB03,23806,,,0,183996,5,DIESEL B5 S50,33.28,10.0084745763,11.81,333.08,59.96,393.04,,,,,,,GLL
B,24-03-2020,24/03/2020,15,99,BB03,23807,,,0,184012,2,GAS 90,1.668,10.1610169492,11.99,16.95,3.05,20,,,,,,,GLL
B,24-03-2020,24/03/2020,18,99,BB03,23808,C_000001,C_000001,0,,2,GAS 90,1.069,10.1610169492,11.99,10.86,1.96,12.82,,,,,,,GLL
N,24-03-2020,24/03/2020,15,99,BB02,47970,C_000001,C_000001,0,,8,GLP,6.94,1.2203389831,1.44,8.47,1.53,10,,,,,,,LTR
N,24-03-2020,24/03/2020,15,99,BB02,47971,C_000001,C_000001,0,,8,GLP,10.41,1.2203389831,1.44,12.71,2.29,15,,,,,,,LTR
B,24-03-2020,24/03/2020,15,99,BB02,47972,C_000001,C_000001,0,,8,GLP,2.77,1.2203389831,1.44,3.39,0.61,4,,,,,,,LTR
N,24-03-2020,24/03/2020,15,99,BB02,47973,C_000001,C_000001,0,,8,GLP,4.16,1.2203389831,1.44,5.08,0.92,6,,,,,,,LTR
N,24-03-2020,24/03/2020,15,99,BB02,47974,C_000001,C_000001,0,,8,GLP,15.99,1.2203389831,1.44,19.58,3.52,23.1,,,,,,,LTR
N,24-03-2020,24/03/2020,15,99,BB02,47975,C_000001,C_000001,0,,8,GLP,6.58,1.2203389831,1.44,8.05,1.45,9.5,,,,,,,LTR
B,24-03-2020,24/03/2020,15,99,BB02,47976,,,0,183977,8,GLP,12.84,1.2203389831,1.44,15.68,2.82,18.5,,,,,,,LTR
N,24-03-2020,24/03/2020,15,99,BB02,47977,C_000001,C_000001,0,,1,GAS 84,1.567,9.7372881356,11.49,15.25,2.75,18,,,,,,,GLL
N,24-03-2020,24/03/2020,15,99,BB02,47978,C_000001,C_000001,0,,2,GAS 90,2.085,10.1610169492,11.99,21.19,3.81,25,,,,,,,GLL
N,24-03-2020,24/03/2020,15,99,BB02,47979,C_000001,C_000001,0,,8,GLP,2.08,1.2203389831,1.44,2.54,0.46,3,,,,,,,LTR
N,24-03-2020,24/03/2020,15,99,BB02,47980,C_000001,C_000001,0,,8,GLP,13.88,1.2203389831,1.44,16.95,3.05,20,,,,,,,LTR
N,24-03-2020,24/03/2020,15,99,BB02,47981,C_000001,C_000001,0,,8,GLP,6.94,1.2203389831,1.44,8.47,1.53,10,,,,,,,LTR
N,24-03-2020,24/03/2020,15,99,BB02,47982,C_000001,C_000001,0,,8,GLP,6.94,1.2203389831,1.44,8.47,1.53,10,,,,,,,LTR
B,24-03-2020,24/03/2020,15,99,BB02,47983,C_000001,C_000001,0,,8,GLP,9.52,1.2203389831,1.44,11.69,2.11,13.8,,,,,,,LTR
N,24-03-2020,24/03/2020,15,99,BB02,47984,C_000001,C_000001,0,,8,GLP,6.94,1.2203389831,1.44,8.47,1.53,10,,,,,,,LTR
B,24-03-2020,24/03/2020,15,99,BB02,47985,,,0,184005,8,GLP,6.94,1.2203389831,1.44,8.47,1.53,10,,,,,,,LTR
N,24-03-2020,24/03/2020,15,99,BB02,47986,C_000001,C_000001,0,,8,GLP,3.42,1.2203389831,1.44,4.24,0.76,5,,,,,,,LTR
N,24-03-2020,24/03/2020,15,99,BB02,47987,C_000001,C_000001,0,,8,GLP,6.94,1.2203389831,1.44,8.47,1.53,10,,,,,,,LTR
N,24-03-2020,24/03/2020,15,99,BB02,47988,C_000001,C_000001,0,,8,GLP,10.41,1.2203389831,1.44,12.71,2.29,15,,,,,,,LTR
N,24-03-2020,24/03/2020,15,99,BB02,47989,C_000001,C_000001,0,,8,GLP,6.94,1.2203389831,1.44,8.47,1.53,10,,,,,,,LTR
N,24-03-2020,24/03/2020,15,99,BB02,47990,C_000001,C_000001,0,,8,GLP,13.93,1.2203389831,1.44,17.03,3.07,20.1,,,,,,,LTR
N,24-03-2020,24/03/2020,18,99,BB02,47991,C_000001,C_000001,0,,8,GLP,2.77,1.2203389831,1.44,3.39,0.61,4,,,,,,,LTR
B,24-03-2020,24/03/2020,18,99,BB02,47992,,,0,184036,8,GLP,0.33,1.2203389831,1.44,0.42,0.08,0.5,,,,,,,LTR
N,24-03-2020,24/03/2020,15,99,BB01,25018,C_000001,C_000001,0,,2,GAS 90,1.668,10.1610169492,11.99,16.95,3.05,20,,,,,,,GLL
B,24-03-2020,24/03/2020,15,99,BB01,25019,,,0,183969,4,GAS 98,3.451,12.2796610169,14.49,42.37,7.63,50,,,,,,,GLL
N,24-03-2020,24/03/2020,15,99,BB01,25020,C_000001,C_000001,0,,2,GAS 90,0.631,10.1610169492,11.99,6.42,1.15,7.57,,,,,,,GLL
B,24-03-2020,24/03/2020,15,99,BB01,25021,,,0,183975,2,GAS 90,4.17,10.1610169492,11.99,42.37,7.63,50,,,,,,,GLL
B,24-03-2020,24/03/2020,15,99,BB01,25022,C_000001,C_000001,0,,2,GAS 90,0.417,10.1610169492,11.99,4.24,0.76,5,,,,,,,GLL
B,24-03-2020,24/03/2020,15,99,BB01,25023,C_000001,C_000001,0,,3,GAS 95,1.43,11.8559322034,13.99,16.95,3.05,20,,,,,,,GLL
N,24-03-2020,24/03/2020,15,99,BB01,25024,C_000001,C_000001,0,,2,GAS 90,1.251,10.1610169492,11.99,12.71,2.29,15,,,,,,,GLL
N,24-03-2020,24/03/2020,15,99,BB01,25025,C_000001,C_000001,0,,2,GAS 90,0.834,10.1610169492,11.99,8.47,1.53,10,,,,,,,GLL
N,24-03-2020,24/03/2020,15,99,BB01,25026,C_000001,C_000001,0,,2,GAS 90,0.834,10.1610169492,11.99,8.47,1.53,10,,,,,,,GLL
N,24-03-2020,24/03/2020,15,99,BB01,25027,C_000001,C_000001,0,,5,DIESEL B5 S50,2.54,10.0084745763,11.81,25.42,4.58,30,,,,,,,GLL
N,24-03-2020,24/03/2020,15,99,BB01,25028,C_000001,C_000001,0,,5,DIESEL B5 S50,3.387,10.0084745763,11.81,33.9,6.1,40,,,,,,,GLL
B,24-03-2020,24/03/2020,15,99,BB01,25029,C_000001,C_000001,0,,3,GAS 95,1.43,11.8559322034,13.99,16.95,3.05,20,,,,,,,GLL
B,24-03-2020,24/03/2020,15,99,BB01,25030,,,0,183997,2,GAS 90,3.336,10.1610169492,11.99,33.9,6.1,40,,,,,,,GLL
N,24-03-2020,24/03/2020,15,99,BB01,25031,C_000001,C_000001,0,,5,DIESEL B5 S50,0.847,10.0084745763,11.81,8.47,1.53,10,,,,,,,GLL
N,24-03-2020,24/03/2020,15,99,BB01,25032,C_000001,C_000001,0,,2,GAS 90,0.417,10.1610169492,11.99,4.24,0.76,5,,,,,,,GLL
N,24-03-2020,24/03/2020,15,99,BB01,25033,C_000001,C_000001,0,,2,GAS 90,0.25,10.1610169492,11.99,2.54,0.46,3,,,,,,,GLL
N,24-03-2020,24/03/2020,15,99,BB01,25034,C_000001,C_000001,0,,2,GAS 90,0.25,10.1610169492,11.99,2.54,0.46,3,,,,,,,GLL
B,24-03-2020,24/03/2020,15,99,BB01,25035,C_000001,C_000001,0,,4,GAS 98,0.69,12.2796610169,14.49,8.47,1.53,10,,,,,,,GLL
N,24-03-2020,24/03/2020,15,99,BB01,25036,C_000001,C_000001,0,,2,GAS 90,0.417,10.1610169492,11.99,4.24,0.76,5,,,,,,,GLL
N,24-03-2020,24/03/2020,15,99,BB01,25037,C_000001,C_000001,0,,2,GAS 90,0.417,10.1610169492,11.99,4.24,0.76,5,,,,,,,GLL
N,24-03-2020,24/03/2020,15,99,BB01,25038,C_000001,C_000001,0,,2,GAS 90,0.417,10.1610169492,11.99,4.24,0.76,5,,,,,,,GLL
B,24-03-2020,24/03/2020,15,99,BB01,25039,,,0,184018,5,DIESEL B5 S50,1.693,10.0084745763,11.81,16.95,3.05,20,,,,,,,GLL
B,24-03-2020,24/03/2020,18,99,BB01,25040,,,0,184026,5,DIESEL B5 S50,25.402,10.0084745763,11.81,254.24,45.76,300,,,,,,,GLL
B,24-03-2020,24/03/2020,18,99,BB01,25041,C_000001,C_000001,0,,2,GAS 90,1.668,10.1610169492,11.99,16.95,3.05,20,,,,,,,GLL
B,24-03-2020,24/03/2020,18,99,BB01,25042,C_000001,C_000001,0,,2,GAS 90,0.417,10.1610169492,11.99,4.24,0.76,5,,,,,,,GLL
B,24-03-2020,24/03/2020,18,99,BB01,25043,,,0,184030,3,GAS 95,0.715,11.8559322034,13.99,8.47,1.53,10,,,,,,,GLL
N,24-03-2020,24/03/2020,18,99,BB01,25044,C_000001,C_000001,0,,2,GAS 90,0.584,10.1610169492,11.99,5.93,1.07,7,,,,,,,GLL
B,24-03-2020,24/03/2020,18,99,BB01,25045,,,0,184033,5,DIESEL B5 S50,8.467,10.0084745763,11.81,84.75,15.25,100,,,,,,,GLL
B,24-03-2020,24/03/2020,18,99,BB01,25046,,,0,184035,5,DIESEL B5 S50,8.467,10.0084745763,11.81,84.75,15.25,100,,,,,,,GLL
N,24-03-2020,24/03/2020,18,99,BB01,25047,C_000001,C_000001,0,,2,GAS 90,0.834,10.1610169492,11.99,8.47,1.53,10,,,,,,,GLL
